排序,标题,热度,链接
1.,扎根中国大地赓续中华文脉厚植学术根基,,/l?e=66c0X5YAUjb4q3FlVDWTaSYRy9eLvDcxIblJFc7se2MsElwdT%2B%2FJig8NrjGeCNcuxcHpKO%2Bv7dJ5iG%2BNPlFwP5TOmXpPhpd0Q14kjLXRIAEzDMK1nFh%2FjXkZP7L7sRZgND5VqesnCjisg8IsacIRdSctS7Y%2F3sPCAtyckjcrooJkwLXKHch7SvIwES0HlF%2BWmkcatvvvPxOm6U%2BDgIBXKVrnaCkUw7bXMAfEhMg4g6bIroOWGb8CP8M%2FqZwUZaExr%2F286vMm8xQV9B2gR79TmcpzEuvYBAGYBW3LiJmWgQhW34kNv7F3CfDOirb7E6LN47l7Rc0oPasnGQD1c1EifkB9J1old50lVrXz%2Bxrz81xiupjkebgcaSqqJxc%2BKQXatiJ7FhKrMDOarINO9iEuRALCek0gp%2B9NKk8frDdECnCzLYCl4IVy%2FRaDXHDIzqPcISEqdOvWIovGnRS00FEOWK3LVLFG09Kuj4nYiCJGmuJ7
2.,外交部回应优衣库不用新疆棉,299.0万,/l?e=1faaUQGt1RWwAMKsbqkMWRUld5JD1b%2BCdVcERSFWGCMEVNbhKSSrrEkMC6%2BcX7aSALpWlpJsDk%2FDlcvyaz3zwl0Pqd9WEo7OOubq2hTP%2FxQfZslOqB1RMtSCYul4WmsLLziEALm2VtunAGEXcvcf93z%2FE%2B9zsWjci9WZvJGV0NLyDMA9d3r4RcrjySGafnJYkBmVRSsI54zwlE9pfpXx3fWRpDyYpDUEuFs1IDUMGJ1q5D9u3BfpCKPptLtZlK9gKDEuteIAYLTEbbrVG%2BaDXzrGjRtm6kjDEovKtzgKN1R0ZCNsOmfFSB%2FnSdIADH0WqXs2PFoY27NHbcs%2Bb1b1wVKzq4IXM9sik%2B%2F9eIiCPO%2BJJxTP0PWGDE0ArqgtNT1Pi8o5w2eR
3.,春晚官博回复檀健次春晚相关,晚会 888700,/l?e=d0a8mt8xnJBln8PXKWgJc1uFqWUw%2FkUiJ3mSgwUUVp4%2F6P3NirZN0z6gOm9GDQo%2B7TRVTV3NGKVY2Wj4faWMKUTH7TpdSAgZYcdW20tqYQEOV0YNaHCdjxkQccFd9JKb5U0gsJM8fGkiF9QoeApE6GhVteNJyPH5kk6iajC7d%2BpPU00zk95Fua1U0Zpx4l48G4jj%2B%2Fnv9CtM46BhTlnQ%2FwUhxbpXJ4kipm71C8IWumUDFRTThLlVXK4IdLTH5z3HFKLnORyteIvQ%2B%2F2AmJ3FIeRbpy8sSnbfOtyuC1EHlkoBbGVcvRqzL%2BPcyCtD%2FfNz57JkyGaTMCa4I494TSsWPCPnr94mZTjP0DzuhX8IfCQON99xVu9QPDVYtQeE30ipItxiSSuc
4.,43位志愿军烈士遗骸今日安葬,81.3万,/l?e=e0afE0ZNes0E1RvxcfuojyQmbx3pp%2FlJbau5zk4J2bktVDh%2BCLUCx4KkNwIALgUIp%2BN819bJnOA6w6ZMxq70YlZIB%2BpEXhv1m7YWygPfwSE3i4fC1SAxX8YEZmdyyf38pA04wnJltqcwfym7CeBvVZBbuq9swZsxgZDGR7SXHXrKoMzgRPmJj909egYKRxEOLruwdTScvtiYJOyMLCr%2BWIFOPhXXKcUP3c6A9hZIO7RlHMjEFSKkTHo5gXXJ%2B9f0P1jA2%2B32AxrsWMcxjZcxLGtWFVO%2BixjUDknNmnMA3rttoayTL0YnnNPiJ64tSD7PePi%2FZFsueTWMHtSwrSTPw58OZObVw7C9LXH4cP0k5rO1SQSD9rITzLI
5.,韩安冉称do脸模板是赵露思,76.2万,/l?e=1fd12ZVZsVDSk3HKf5cttOTbGORoYEjA4htP1PEYYDTuU5HaCwB3o%2BA6AnadfYl%2FmdrWs70ZLuRSkgBwYACRgzHcF7DaOqHBe%2FiLQ1%2FNx4nBm6O17vY%2Br2dx5tklluFEqfZ5gEdD93jb7zdSJrXJbDXmuLzeEPTckIzHZJCZ%2BYDpCSz39Aa4hoWsVd5SFJ8r4YxaDv4n35BwEJQ1jYSCpX9UGebzqFlUDP9P0%2BZdh7ajMKzjcSkOJbIZqSGr3JqfOxYRqlSSebaR4htU0Su37Fz9Fs%2B1DgJR%2FMoiaJlwyZh5CyK9bmiI%2Bs74TLupV3SLk4lNkNb%2BeHkghiz3PG6KgTGIxqK8Cyxl0Us
6.,巴黎世家售出8天后要顾客补1147元,66.9万,/l?e=dc0562rP0v06wSNyDQwk2nKigIwTCb8QJoBQgyRmgSItEE%2BbWXGNnqfBKtEMNABew%2FJfEcj78QiKo%2Bbo0CpfoSRTjwBgx17d5Ve%2BRtg2%2B5ou6XbDOCUt7iriuVArLMgLMMQfcaw9LrifwzCWElbH8jyCjcpxA8h94QCSv6Y4hP%2BvaZ0nOvF%2FFY%2FM9NmprmATOLBBvC5uyUQMJ4QLlMNqqrbRE%2F7EYudSAPU5UdCSrzHdJ25MCpfFuk3uuSAYmLSci3%2BnH9xbPsZrqYhf2q2HXphMhlw4rq%2FLZLSC8ktMEnVUKxtFSG47%2BN4Ktn6PgYdU%2ByhRCgM0quyRecN4Z%2BWoE%2BsYQDnGbbhGwRLgdYai8%2BmOEcrH8ZQBJbGgAbtFkVWNpEx%2BhIvmF9h2vO0
7.,印政府还在用被封杀4年的中国APP,41.4万,/l?e=d44fYAO8CH5VOoEZWtdxZ02Xi8UMW8B%2FbK0eyeHX%2FrBZzDXd4biQvynXBSWdfDygHktg5PQGC%2BPjeOKAJLC3N6OXRTkxoPBhKJjol%2F894VOUYc0kPU0dA%2B%2B65mLYhVaoaw0IApxnEdb7LWQsipxTL4K%2B8WFhG7yrNqs5kWjHh6mUaAZh0x7pB4Lbnv6b2MIT%2BgZ1%2BtbEV5WMvaS74DG7l6c8XTsrD6ELwyVx2jtQkA2kfJ55A%2Bsq6ZoVkxHx7joJi4LV4EuPbnv%2FREqc644N1And4mBpHBmE8ZNYIj4hzqzXk0YtHWbX2gNlz6rI6yjjHVdBbubkyWxvyAMcvbKORwsbKz%2BNZvRBLg1CA03pL61%2B1t8L%2BmCpETudrJKfA4HZKdAndH%2Bg63ODfg
8.,星动剪刀手养成日记,,/l?e=50f1U18K2YlbLbZdJgr31I2S7qs9ZYb4ICZmzNzlAca6TVtm3evxD5fQE2WK1sgZKmgsoFCwKElRCdhSTqudRGbfbDA2QzVREmR2vVz9T6hR4L%2Fez1I4BselzHVK3HnvsRgxWJc73WgSnFpWXgt0kr2B51k%2BGzvvy3L0vVK5bqSfrH52RGrNy90%2FKrwxM3JzdeCcOstnSQ8Lu4Soylh3XRUHTAqlX%2BjOixuZH2S%2Bbr6LP7YI%2BXEg5gUoTZn31fuKrBt081D%2BDdMGhGOE8CeXt25srk9w%2BxGuxI8TOeCDdGbXd8Aoo4MSfDVw
9.,鹿晗回应喝多了,41.3万,/l?e=e1faqaYL6RgWdgbiQ5Hn9IPW%2BGi%2FsOuvvQ3WfYHViSRMEX2R9gFEq9D7AcMjlx11cig8M0p%2BUo%2BJ6jOHfhZO5%2B%2FTc7UAAtsoBcuPFI8mkWHKglb6vyjusVn2rAxIH0ak4gvKNGhGSpzPEY8H4ODkvzIVbhsHEdML9PKzOV3vIWnO%2FNCZKK0Ytc8u4OypRAvEzuzibion%2F61atN82XlynCS6UrngDXqejX5cu4p7RPc2nERVfmJllCHivtzyoxj%2BtgF0eRMMOfSCwJnDF
10.,蛇年春晚标识有什么寓意,综艺 411590,/l?e=8a30ElYGQE5Rc4XJzHF3A5YgpnDVhJwDhxEm2qIm1homPJFeB6snr%2F5aZ6jjihQQk2GeCB4OOV55kwnh8LC6N%2F%2BVtFXtMRssIlWQqfPWvAxE25V1ujU9UbrrjhbDRlErjaCvYe3CMce5hfq%2BdrYKiXKWxcZeuyqzDwKlbnGV%2F9Fslzk9af1lygNwIfsPkpD616OF1fwU94VkFKnSjF6hbAQPatcdrMJgm4wv6SMKma0P%2FyTH%2B9idNnqA0rjoUQn6DDqatZHT5Nz%2Fh7Z1U7XzltQy%2FDB5gmvDaUBb%2F%2Fp6qVWxPWH4TM3iz9DAQEn97GUd1XAR4wLhCbN5940qj2TkmNi1WlzNyX48
11.,A股三大指数11月收红,40.9万,/l?e=7da1pVJwKt2JIFUIxTQU9fPHS48Anf7x%2Fg%2FbszzhqbyQqd8IixE27aWUVbcZ0KodQOS06goPzFE%2FwBFPDFIiEYIWysv%2BnTjQUHllwujK71LPYkC%2BoZwvCaNZZOtOFIeOd6WSCJCXv5YDYxg0HvDago1Lzpbkls6catvzkggF4WV3sGID3QR56I8EMdEJeWVv0kWUOH8BtDA166ucRZtRYeZ98Y5il9br6Ph5eq%2BPQCI2tXe7JQaU9mYxr8yDs1K0qoz3NZBSc1puTlfqvpHiYt5Qm5IFV4EWK70ctot3
12.,韩国人的精致穷,40.6万,/l?e=78b5POUlbJHJGughsIIC7kvJm9rhb%2Buzs1%2B76y5MHv%2BWA%2FVBr86mEwLJpy7eYwqaGsUPQnGkhPzWhCrlINat0PKXc0B69MeJ1RdL6pl%2B7OyYoo%2Fl4DtcAAg6OqEuOkbHnZgGyW%2BDIkW5M%2FAeYZSVkhJKrbzvCEHRMiMFM%2BqDtWBSEYiuHnGhgcdPjhZgbfhngZsspqNTrFGljubgjoWyGeKJ9GcME0OBbe9Fkqeg7uaDrhNSS7rRc3R3aWEaXhtcQXMuGDNP8g2IIZBV
13.,17名男女KTV聚众吸毒被一锅端,39.7万,/l?e=e1f9jMIbc09%2F6G4JfxGuJmlPjdrBR0OD2QFh4L3tffGHADDraohbb3Ompuzofh%2FnVF4K%2FH%2B6vZpEZ90WjBs4exSpiMOzPv4j1GXPGH%2FC4lJcY%2BisfIa1mI1BTqJiOFnpPc9bf4wvzM3SJH%2FPhB9Mi8NzsyZWsvhUCRjQaubATUaMj82nCwJMsHZ7g%2B%2F3EYXq5Wi6ChGlDeCsXJPC45u%2B8gsWesXpX6vCIYDEMH8mZW8BhWDVfTIY8pvr52yye2c904VeaxpXTX7hmgTaOYvFSloCegW%2FYt8DpDkxUMOsF7qwoaJVtUdVdEWBZSeisCJWJJXrHHwycvV4%2BUil%2FLYXXf9Ch0qBsirJd%2BH1Lsk
14.,鹿晗好拽,37.6万,/l?e=7939wfLFijhQkskSyMCfCCZMYFVK30zp%2F0uAn2KC0AaJw5wcO%2BZsZ4cW425EESk78m4fCxH6PqJeQ3TRhnvwM0Qww5zlGJm9CQqt8TV%2BshN3OynlSYwCsp6eOhwtHTWWs23M0IlpzkH9JID9VhznQ6t%2FUpVRo2tVRHzOXEtAW7T3xxYnwphSHvf7q2TXap0SYv8GWjSvCfHj92jVpePj
15.,再见爱人4第七期视频没了,综艺 334653,/l?e=9428NOFxvLchY%2FMWw5RtykHMYa3CkbP9ylaSasS5UMK0iBJDsiCkMIc3ouZa7bae%2FJSWJfVknt%2F4V70rJy%2FWDxmtgKpT1%2FMNIvVBjzGhxMIyiuPW%2F6z%2BASUw%2FY8lLZluHavZ4KqpE4W6r3io41M7B8T1JC7yCut8GDGT2MgAezaaZurYr4lxQWNOe4Bm6OvTtgOXuh9wb80mTbZmA7xl8XmaEkdfU7dO4d0I6mvAjzaIOgWqVIUYXqzdh%2F7ny%2FsuaR4p30cYDYmD022V5wgTZ0q0pMnq9LoKxCm4oy6nIUWsDOc5Q5jyTG0xHWbb%2BJJmxw5i9PxAXHBSJ%2F4n2J9wbjg%2Frjma6IEXMg
16.,导致胃癌的6个高危因素,33.2万,/l?e=79a2mYhDHQh9hTCyDpNbIKCEeQkB10V%2FKk%2FVtoTc%2BDWPIL5ARzwkpyD9g59BmB6XqCdu7%2FnltyEEwRtdkhCAC2yfWkv1wDyB4BGt9NqnOtDcMocMVesoZFoHvFfcLofpa%2BVno5ylOHn1WG14LtHMyiRh9WLcdlvJRpUQzk8cYE4uYI40VM%2FrtNCGCfgPbRXRRMJrvVrQbqTZ3VXiiuxH6foD%2FyebX1UerisbZp8kJxgwfa2trZlBd6BoH1rwuaEkTDsUWV64fDE9FdE5%2BehELQNzTajRW%2F5ywIPl7RAp6oMjhyClXfCAli7NV2siMOUzmppO0Bla2WVIdA
17.,黄雅琼回应郑思维退出国际赛场,30.2万,/l?e=998axOjiZzmC7pQR8RtuW%2B7HqTff0SY6ArhQfgGHqw1G8vH3ZplPWzqY4bIPSn3GsycqSN9omkKJwRmpQOUm1dcMjX4ciCNwjP6kJODMiNcrjBnPRCmCWftRuUVhJib3%2BzU69w%2FBBOBer9pNKUuplAYVa4hXXJzkDwW%2Bz76EL8yMQcmBW2JibpBDT6bbH6hq7JJi9OvsgKKSMpRQ7av1ZxREHUUY5w53M907Yr%2BZk4XeXnzxcXbo3WCYkLPkfe6WN09cyeH7r4ens%2BYyA0NmCJHkw0AFXw%2Bw%2FeEiYym2HLHdFRKD0Niy5EZkyyy%2BoeiUCZYqXV8DEgO%2BhK44ROOoudD5KGOg%2FAclunVmkRHDBPj3jvMVMEpC%2FHAAriUBGC5BsmDm%2BixG7ndhFWxUI6gQo%2FI3wGyq
18.,美国女子抱婴儿袭警母女都被射杀,23.6万,/l?e=73f9Bz0Z8S9zSBxN3ZkqQ4BdtCuhQR9pnVta5spcJeInY06XOYYft87dFyqV0GG7Hz7ra9T%2FKzDN3CAVKD9bPnHssxjKpsV5Q%2FZHCDC7Igv6KmAN256rX0g4k%2Fj%2FAcZQ9gA0vF1hIcuEzNvVgBPP7AkUk5C3pTaqE9PBaapZU82HDPYth%2F%2BsagCvGuClCi63qN6bOXI66b%2FWzugXwd7gvpkwighKE4javEl4rNdLkJ5QnqdqficSaGSBS2ZsHvjNeKKjP4Zo3XjXqWTZTJYLX2sGxRBcruO9wHhoGpFQwPrwGnSzKjHuaJwuVNDJO8Mqumr%2FULDVu6gxy14xxksnAdaGM9kvE6EN2DQlf4wFfjB2A%2BrVTGxJJ%2FGe7f2iz3y8h0Rh2iCIOO6Cjl2YcHTW%2FfzH%2F%2B0vSggFsYixw8%2B9vlWX%2BO1g
19.,官方公布冷藏车厢内8人窒息死亡详情,23.2万,/l?e=513f%2FwwlhcgTOoTolgGjw0cBOce6utwVPu9F9dxHR78HJhx12bTqNUS7fJjZDPtvjIEReKxsFy%2Bp%2FgcT5tGjFNy01yQ1UtZe8FUFcQr91o%2B8nU4WneNZFBkSVo8SA3Joz9om%2FgjdDJN1Rd%2BFUkZK4ZA%2FUdYTZxd7XmdYGd8MtxSgn0583cVvfRqSITFgvdn3zYF3DZKKzF3mJkM1HYtAQoDHPVkuv%2F%2BH2%2BO67JpuomEBRYpZFH2THrLpFfKDsrcq3%2BGd0Qsb%2FXYUFonTcnj92jjcGusbKakebz7HWqwVmpOI6oDZlP%2B6Ms8aaeXFDzCAMHBq8K1lCK8ISq0pElIBiE1HhDt4jQ8eaPtzSzHysyWbHCugFivjDz37gX%2BBz6z386xSeZGk10Z25%2BwSgVG10DYsDqWU9gSGFTVXDfyRjNP1Y54KjqJJJkM297%2BXG5WTLaHCWA
20.,蛇年春晚看九命相柳,晚会 229738,/l?e=4dbbjeZHoc2ITNgFscurTQb0f0qvrhv5gdO7K0f2HSFXtOesqaPVxzOedXRYG8HGo2dh4hH5QhV69zszw%2FdLzSaqQroibr8HkjJNvf1jRtLYFZydDLEiSoio%2BXogB3CR5OqZKKczfg%2B6UW28FM7ZRu2xwvPpLaTBT0zTtpyGocl6fothOGKsdbgLV03Ku5vI6MtQg7WZ9jN6Wk13jP4Vf3%2FFXZhaKispMC12JAK0Pq6BzPNFy3tqqF7xTEPArZto50PJtG6HO4jVDc786JRUI4C4qYnpxRXuyuXge1Dl6PSRtwN3i0HQ9vV3
21.,张婧仪眉骨阴影,22.3万,/l?e=f642n5iRBFM%2Fles1BVyl3uURajIhYHkeiXhasrRwx%2FQfewbjWU0JJVrngjDgewADniGIz8ot3WClKlZtWQkKlcxv3Ose8h%2Bd0jtFYwFYg%2BaHUVTcNRn6zAe5UJtYKOOEDyv3qCNR7lEl4nwMbss%2FFUqBM3nezdaQUH%2B9IBSt5iZHY0Uxdl8KV9xYN5ZowZ%2BDiCTFKhpYeEoEzW0gziBQLo8yadPQjCTj%2FXXHwDvFlfqOk3VHj8uZWdZp5rSS6WtC3VJn34EILnln4g51
22.,打游戏一直稳是什么体验,22.1万,/l?e=569fkPzXuQTmSwhAp8g2bHuEtfX3UUOFmwkOzuKnPc3z7uHrW3BzfLQkNrfl7WQQh4C4IxEuCyD3RC403kh5LiIBfTvEjiRyUWFkweUmE87XZudpgIPbzlvHDJmszxu86XJ4%2BenzFc8s5G3AND5HRYqTvovyknWbNnxvdFCBmDhkZwid0lW32lKH6Y05B4ZXS7uWZ2QbmINDOPh8Nkrbf7d1bvieHbd5XbwaK3Yi0%2FI92tW%2F0dH2DmtYjwSe1Cvjjm2pMTOUrNpNr4pbYUbjBWm9loyf0XChE9Q9UsIty6Chdw3%2B7jgIpqVTcldSPi9oTLcTZsEVNVJ6Lj%2Bm3miQybZgofX78ni%2B
23.,中国游客在马尔代夫潜水遭鲨鱼咬头,21.5万,/l?e=2c1adRDJrT685fDUlRb3rHXjwrwiS5aOfhOA1oUW%2BfciU8OPPBYAaT03ai%2BEkZt9NsE6aYfrblzD%2BINYO%2BuIgNEXRWlYHbUGISYOGzaiZwTlZMF4ZiajTs4uSud8euLMRLewgm%2BJslAu2zOJVM09A6dmAWywcY457A4VpuUPwa6lEv7vMyQVaCjFjjZ6MEueeLcND%2BdMnxD5hRSlnpBwvP9GOVszfTstSzlPxLZH4ZD0vzqVJkP67pdfbyyheVBJcUzr2FWZTABRUUTzhkg4fmy85pbsYLkRj5jwk95dE2MLRO1MhG2RLGw6O8AaHO6TzBwpm%2BteTE5hEDwEM8orjgPgEBX8Wl3Il5VAi4Z81XoPebFM4BM%2BojO%2FY3jBcA24JObK1wwOi4%2FhHzzoIYITEJd6HSQalHmCnyepDVkREISOMTMGbFsFhcJ1KUTMRmIxuFKa
24.,周密把周芯竹买话筒的钱转给她了,20.9万,/l?e=4f0fbnm8wvRAS%2FNWX5YsZ6NffOPMdVxYePq5xQUu9kP0DERatJ9CPY2vE%2BwEX49L7s1skzzW6KFdSDpqDxqlBeWrN9ZzP9cw%2BwII8R42%2F4qJTEejd5odvrlGNZDxIKQ%2Fkvp1dKQNB6awkGsZUBeshHFCnyXn%2F8etWnPF1MJ0qV8XM4MOA2j0FoRn7yeR6eRvE8XQlDQK3uEQat%2B1T4PXyAVY91xyiPtbQAdSc%2B0KqGdrpInyJ%2Bew2WOhIPsv74fos%2BN5zsH21b2JHVpH0pn2njrnPOZzO0aWSplWeCC%2BbbTVHBgFdd25MqDuT5YPPqHZhIScn%2FHJx%2BktahPtI7V%2BaFDtj5BCSl%2BDJvbxl3284B%2B5%2B1PKNLfupaMEFVAUv7JoZMUYckQXMow%2B9Wcr%2FUacaAg6cIDz73AIN2KuFqNXNntu9IxO
25.,冯绍峰接想想放学回家,20.8万,/l?e=d32cvUZDXOxdKf4V9%2BxHfdA518lc9M5mUuewFas1sLIYiPZcK6KUpIrG8fqLAW2Cx46AUClV7VT6FHnpwcKINWEZS0pNHegHc0emrG1dyGYPV0Bw%2FORfWIaGAPQAYJh%2BAsq%2BnEljpWfy0LFpqB5RmwXy8HEcDFrzGfu%2BAo%2BQF860%2BQzFvaYFZmYsCy1s3sdfMG5fhFKnK%2FNrvlRSy6XZKDWalCbbN06Kb8aqbQthv14G3wyRgDjN0c0%2B%2FL%2BTYc714lyYefGhPSdslng2eM3rCYWW169anqlutIQ1f5rKX68jJ1IniPB%2Bqoq%2FZZW7RiopAIR7wk%2FuyTMK
26.,林一长沙活动取消,20.1万,/l?e=698dzveSzd0%2BvCQhuq7Pn5SMDLkQXBBQV0NhMvdvSzUAxnPu7hGeQHBaDcBM9ANT70pFswS1L%2FOmD%2BFSay121ipYLVjBnWXVmcPhdvO%2BTxP4sGLst8H5iPboNs16qnCmWek4d70JMESvwSg3UrtzPnUPrrfixgpb9mp9R5RoYuYJpeqeC4I%2FRn3n6B0WL11Hv2CFBsKkfHRfBBHRfRuYVynotICLk4f73SPMQ%2BM41QrFSc3nvHrzAGRvNKU7S3QGovo30s6DPdlxqqyVFdCbmEIqofNUMTRJfzOJ
27.,郑思维回复樊振东祝你我都一樊风顺,19.6万,/l?e=a656OEc606qV30NMOF6PubKHvgQVkm%2BTqtof3gBnA%2Fm9dEzbWwYhnDPynW1vsC%2FEourY3EH791pnTLZNccYfuopOKsqgIGg0DJ2xhxdFlV92i5iSyjQODMIQnbwwOoyT%2FAnKQOoKyBGFYL%2Fg6CDZJ7Htc89QmhFNj7M3TRpP06OgcpcNb5mLFxv7Y%2F48qebcjqy4ykq%2FosDY9Xbu%2FMGtFYL%2FWQViannIuHFN6%2B%2BQitNjIN%2FYb4aRv2wVwCpt2k3mVRzCzhzFJjNBMkWP5cBCwFq6H8enmvNA%2F5gCqIVtLqzCtXa3toL%2FLURGZ9JS1GlXY95FYG0M%2BsB3PmKNFnpJFcKiTbOEpk2iwQYIC4v08UN7NfpplqdZdTn%2FibpujAmyP4%2F3OG4ShRpC6UFnrVksm6AclHdCc4LVaIix9Az686mj1aRHCgYle7DoeUkFL5ldlSMu
28.,安以轩老公被判处13年有期徒刑,19.3万,/l?e=7350m9XAE3l5tCgspnb7YdhL8kgYTYo%2Bc4UelHrRxxBLnfTtubMdBLDLuy%2BUP%2F17LEas59Md0wb3EriEgtBxuxjInBif2OWygM6cET3pbT1LCgF5iZVPaAWoKMrzBsZMdbeQFKXMtiAIoxuzluPvC9%2Fo3YifUND2yJ6z1bQBfALE5nYqSC3gtYY1vWfdXx1EllbUkIek%2BcQ4QNz%2B%2BBbbphoMuUAuwCMDaXLTNA745WXGbx0ohkuDtPvulG9qEeHS8V8%2Fk5ZaR2p8Wsf%2BhfLQZj%2FU%2F7caHT8%2FLOLaoipkXkGjhk1uvHlk3vhApaiHjY9K%2BGRvV0rim1vWFQdmSYIy074zxDbYPpYEG1iwgYqXSZl4cv%2FpV7ruF6NpXkPaVtiKIKsHN%2FYMVt4
29.,女子在中医诊所遭性侵医生被刑拘,18.8万,/l?e=7249Wc6coq7dgL9u5V9OX0SXb18f%2FTevZmyhXFUP4GD9ygdv%2BdzvmqJXj8ELR56tACWllU5vITt9PTXm%2BdEwRUyJU2yhK0Q1FSJ2umt4vmdPFR%2FlU2itbdQss446gfC3UoUr57FGjdCmd6Jih6b2BW8PFU6I2EFccPKw5qegXEMADlFweqIpSenP28D8KCOX%2FhIY0NNwv0j5skXBNPk2ceyMMdr92uw8S%2BfUascQ%2FOhzG5DXXwrAJI%2FZy8QgVskbN7frWkEAxZzPh1n1K9c66I%2BPaonhJwwbYhWgm1D4bxuBtAe0%2FA6UFFVaQB82esF%2FqxsuLxvAJydyg0mOErwSA6Q28OkFM8F3FzjM%2F8zc3sLnoVhfxX6TG5wCITjGq4YS%2B19NurkHPf7nwV5ewmk15MmwCnXDA1P0TFSfrxyMizoXEPYI
30.,蛇年春晚官宣,晚会 175129,/l?e=5933iufoXlEeg8oM0NFUA43ZDYfzmJzVOzl51aJGV%2FON%2FslpA%2BZEMLc1srf9kcj7Bgwj8k%2FY0XWKZQDDvLQ5lwevxgDa0wBH3bytDUBw%2BdPo%2BL6pugbIMjEEjoWAysv3I7hyYSmL4IKw6i4lh12WQSJwhhL2%2BxWXaAkNtWXQiNGCSaQELMcrWLUwuKMbT3VMDdqllh%2Bo7yEASjAx2S9E6Sibb%2FRir%2F%2BSIvMXWfGVrOqXtvNfhPl75DiT%2FQIT
31.,郑思维说我在杭州等你,17.4万,/l?e=a3ebADBWBI%2FybilEiW3D4OKu%2F62Irhkc11rlQMTW19HvqcqbHxY%2B9Qbymsa9KjX%2FyZMEbXat1GAJniJ7ShXZ30mpTJUae1zaLMRfUcy6Wce2Ula2e3p7mhWvOod6qusFxrV9IGwcqRyZzxCzqDI%2BhJ6u4i%2FLBZGpbCXv6EvhCPmaeb2gKdngiNeg4jEBDwM0%2BZRUxyEl%2FMccsMlsBVN29H27j1s3tObI07VzZuV7khYH4T%2BHjvrhUeSqteBJrCn1Y2lrXp%2Fxj%2FkHnyvy2Q10XPeh7uYwkNiZb4QURka2EX94%2FIBSkL5XsgJ%2FqPfFuT3E8ejLWRokOewf
32.,王源头像P了个新帽子,17.3万,/l?e=086fShUJRDPaLLrudCFtxxnMZGR3vDGem9WoH5iuOi5jHw%2Buol6haFPfHkpNJ2ohXUDCMldCRGsTnfWtjQgQG33BEVfBy4bdPQZiCiitDncaVslQiwETiPqlEU2V4sSBNbs1%2FBLPm4XDvgImLtlUx7NhjknUcoals7NiRzzKHST0fhms10%2BZNb4T%2BE8Yq%2FKEyam4itxvL5Mcbnp%2BWqPQ06hpWQRG4HmJ%2BaYKGQ%2BMUR3TzTO%2FrGgGQ%2B7QghRZFDZOHqyY%2FAhZCTFt7WfPUSgGCczQkoiVxa1CtAWFRcv5z3MlDg2h5Tq37BaUEQ
33.,为什么刑侦剧多在东北拍,16.9万,/l?e=02abyqUO%2FXUsghUotm3iLn17ivLByTQMzYu1RpnD%2FgvaWNRfA6BWZSh5g5e5T2YrmQmlIawrM3xZqCWNXPsvxuAx1ZSAIakT42ScHnlo5Wq3Q2sw3%2BUw%2Fjt7HC81hRmigAx16pW6RaNaB%2FkaL3LPv2q2NtyYKoC%2FJ32BFmY%2BoQXOh51mNs2rzp2OaPgtTxUgU4J1j76Dzt7B6zNck0ilqLGwTjqBrUlHKLTZjahUWM1TzgaU7b2N6ruNoCONw5JNER6r2Y%2F5HlNeBrEOYdC%2F9T%2B4%2F7i61NYExySPcjvqdgqZVwKiPBFfaajcjyPnanaGsGMIEh%2Fwfg9ArvtylqlDlsJMXXbTES0w
34.,iQOONeo10双芯战神,16.8万,/l?e=a9f7P2YglFcBsAWzxwAEQLUP%2BFkUb%2F%2B7ufu2%2BcJJFMg%2B42UAFGLFGIr44VgNT%2B5pcgPalXbIYccsnwuyteIiKtMqzf%2BjMC6NndzmaoANnsjCh5jGJjETf1bjBZRqIQl7LcXUzdVHrJjPkLbTHziJPF2Q8dKDNF1fsTcncw6z%2BxZ%2F00AnJh74SwTMtycPteJgjcL9051KadAS4wpgWm3Zv4M7KU1i3Nr4
35.,辅警因为一次好奇9年后救了一条命,16.8万,/l?e=bc681xflGetDPaeXniW5e%2BpRgGFQ1L%2BNlvtrW506txuGA9Hf98CPKDPy%2BB6GsnlqgadtTpGwJsOTUE84svN9M7swjqn2i4rYeFFIWk4o01hmhv2cxvIu5l7OVOjnH4qc64auyZVS%2FUyxI5iBh3mnMZDhpeT%2FURjThRNslLcyprZWdbBcYxUB0utRXYqiP3ksW%2FYgUoqX53t2%2BYsnGbiQ7JAyH24nSeHp9Df8HKVxTa5eMXSbpHDUZQH43lv2VpQpj1mQ4u3bH%2B%2F9eW5t9HadOjbRQVbwzfEhLGAi59LiAUQ2rt81VH5PEbQXec4K0dHzMYKV3IfuDAsTnhokq8T2ia4MHSnrfabO%2FAjH5gyvBV1LzSpUDmMTDgFHcxIHowTBXLfPeKadH1x88fpeGTWa1EmOE%2Bak0%2FSNqy%2Fg0RgKJI4AFTpJ3Q
36.,年轻人买的水果半数是情感商品,14.2万,/l?e=c0cewP%2FgpIfeSbu8cQ%2Bku6ldZccTftQFX0SM3rnrxXYcnV8wQ9wuqvaTVaGqI5aZu35N1IX9PyHeYORipZOB5DfsJkAL%2FkRt8S6oeZrSTGL0MizV3jPOz9D272RRfcoq3YW0Pqn5ldE%2Bh2wAlzBBO1MEtbijIEws3De9C5WR%2FMjKrayteIL1n%2Fal9WaV%2FgwHQ4xmfjhQr6B%2B9FmzRvqFX78Js9T1am980TvU348BJYpAp14pvJCqqVLbcKqu84R0Amlo%2BVpFVJdhnHxzSfyttD419j39VUC3xNv9kBjbkBRgyFe2%2FVTL9AEz2RDOFNXxSXwcuJoYk9sdQKRHJzAl4Z5kDOwK9J0%2Fz3WqLwdczXu6W4E%2F0G7BCuIHiLpz3Ij4cJLsISFQTVnRaNHeDqpyxhK5ZGca
37.,周翊然周放一搭嫂弟二搭姑侄,14.2万,/l?e=fd7dNWSOLSbRif0Vzd7PPHJFCBhm3S55SIc8suxCO2EFY5fASybs5t3V2FALOiA1l6wj3%2BrFJ7Jd8galmLlLkSE1SJgqzknpNSG0MIzRdmUohY8OlGI5vDEswKtcApvhoaCZwMlngl7u1AlJTIAncTYrVUoJPTaSfQndcXZhOtjOS3Qo7jIvsExvbdfPLrAgPhiiNKLX2sE0wWOTzMiJ0unSjK7xVVgYDggdFbPWzOvpgoWJcEactbX0V5%2FZMoXh94lFdvWMHFvV%2FVfKuvq4kWc4DWGpI4B5WWK1bDuP2Gb%2BWUatxklluTEhxlJ55D%2FKcRiszlPLzE7L0X6tkn4dc8kSAuelGXaUvx2Mlk69GIHc7KA4YUwYycxhd%2B7bLIkqvR%2F1OIzV
38.,优衣库客服已读不回,13.8万,/l?e=1d20MAH2CiL84efIHHUK4rrMcaxT4maBIwaFE3NqGir5zFXetz%2FuiCCkZBEHg7im8KxzlK3OTjGh5JdvjHSB2MV%2BiGtsOA1ZQ3TS%2BPnJPgytwI6uxftLXIofq4Qj1LcvtlZYZr%2FeaiWYDpBxu3bkGbuT6aWPYNplI0cEQ2qDTlu0Zz75ZRKmcpG7ZWdRjXlaCI5fKYVmsgaYfp%2BdJdAyZSydphIvLWB4QustKtA1XR2splEoqGUOILiSLKTPaQ1JX3B01qSmqoljtnRmrJxZApZeGvXxfIsGoHbVa7%2FzNbtY2DYlry%2BlGzrM
39.,国产剧奇葩婆婆又出新款了,剧集 133301,/l?e=a398wmZazwV2zyMPaf3nn8PpRs%2Fpbs%2BLhAJV%2BLhQTN4oXVvq%2B8P0oPDn6HD9gziIrGTjaehBD%2Fr%2Fpl2Fb3pp8%2BgVSsAwulfjGK60NcJtZ34oMcfllnresbNzM9TVSm2gs4c6PKT79p%2FK2G4Xn8JC4UdTvJ023Hlid3CNtlnoS%2Bp4I7SPR%2B2fCBykggDXne3AYjPadDBoyBpcutTtFmvB8yaV5lpy8z9vtE%2FnPr1of8Gafgu%2FfiHsvscZOwvVBtaasXndraN5A6Dw9Ykkoi8bb%2BBfSo6Blcs2PU6B6eHBM8%2BRfSxEXhqkNFgg2pTWWCvOVsgKK00yjtBWOKdiE4HghOk5krNyY583Rpq9vyIQcq9EIBdX7LJQ
40.,丁禹兮看人深情是因为六百度近视,综艺 132684,/l?e=70c4wQgWlA714U1Gp7dB4Uh8O9JG0%2FawEKdcsQMsTOq%2B5NvG8y%2Fd9e2X5LbScu6WHSxJ8fmCex1dy9KJ97Zhlz%2BczHS4YK80IqNhSRoJnc9zlAmhvE5Odbrdr4mtHqBSbDK39ACQaA6eo8yoGpNG4QgIXxZv3Khr4FtqkL2nRlalmSsUgsW4cYDbTtoXiBML3KIOAPT9Mqsbt2DIVcB8s%2BS0ZOYJR9BEDRCBt4hwDAkwr99E5tvmd1166kc%2BLiGkSZkrZHMJ2U7ATYaAHEzpd4tdocQLaOIfySTS7nNbhGh73vGfLMuMa%2FYVamaZrpSvwLqaVoGjF5k16Wjs5QgbKD%2BfRCWA3JuBAIu4X7BsysADrK4ssLpdVLicK4lYzcp9gSxK%2BK10X%2FGB7Sn0KYaY%2FF0K1SPsuq7K83RR3nRSxSeRjX%2BV
41.,樊振东对郑思维说风正一帆悬,13.1万,/l?e=a800JRWN2k1bEdt%2FGNBlfkzd2NZCi2CeRW55whMlcGwxUuF2NnALLZnx0uzEpesf2W0%2Br5bvjon%2ByHLa%2BtoRVsazrbVh9ZPfolRdFevPQFpB1LNCBnfZJqyeFVQLGhVDZRLODL%2FJ52mnFA6XFubRVq0xXUQ2Uz34ck5ddwn7I0BXmwGl8Bsv6rzPeI4oLqNwh1%2FH4A29gEchx5YNYPDbsOO%2BVtCYAjP%2B%2FHJpA2MfE78ddeX52P%2FKL2rZIUuvhUMbXSv6E8piTBmNDjr%2FQAc7YDnElsLOVb%2FzpG1nVBGMHtW7qF41S8iDh3fhdLRU%2BiwJnrRmGDKKhb%2F66UnUKQ40dpUgc6sbing%2BFhWjo8PS6AR00eAG4cEpt8tjAL5pyUP5iTBndz6c
42.,TES官宣Meiko离队,12.9万,/l?e=8ab7FRU2dVsIUShA%2BTiwrOPmMz70bRgYXIJSaqCE%2FbsSkH5rG7Nsk%2BrOYbuWZ5p9RUHUcB1RNMdBFQIC1BrV5O6BZps%2BZ4mfPHk2u1p6ucGcDzZNE95FACyYY3IaxDNyOWRC6xF3yRgNWda9oeiQsx%2F2bCbq3J7VDE1NDVVXbz%2FIB4xMZ8Kc75XH8S1bQnOm6XXUirM3wjemV5ZrK%2FXNg1CVLHPib20
43.,王楠女儿落选国乒少年集训队,12.7万,/l?e=e295WpQVDIJyu8P7PgnzgiZjae12jtAKDsIJzSwodBUYFd%2BHfSQ%2FVQK73r%2BXWBWQcPqMnGcfVQgIdbsFhkw3p02gL5LF8cqq74Ky4rtEZ5Lkvzwzy3TmPYIY%2FEWe4%2F1yM9A%2B23kOHVuGsBmJJJAcpno9rd%2BUkiPX11xffoGpMY22ifhv19IwMH0mInHKcNeW5GVBEAXGupAxYyiy9Owbwh406mu665MCql1lx8kdc4L1xDteTgHuDqjaJyEAMj%2FmeGF4cjFz91yUq0C5wVdc6GXOerlxycQNSN%2BS7y7E7WM%2Fzlb2Pa%2F3vvNN2k4iCFxR%2BBB%2FRxOBDhL%2F6HlX8oJA8KGEfBDL0pcgpF8oO65vecZGfGRv1oCfmaMnw1Uq61AVdTVX6BV8
44.,优衣库在华业绩下滑,12.6万,/l?e=528eZ9fbO3cbvHb0eeDljY1EBxsXSrD6FWaO9YouXpmd15sif%2BpnZwKofhG3AmJ33Q%2BvwToMpMJIoxoaXzGpxNbVrvgZSc4PMcUrun5JOG3rjIpc4nAHGyBxCzWM7g0hQnHAqVkwqS9cPuHSpKORTsMv63R3fYMM00IjcafdvJkJQzBZj%2Bw3vGYNs2sIM8kfZ2tNa2WHd0%2Bc1ZihU0mMSbIlkoL9q9XEEu9PpZtpH3c94ysAEgF%2FphhwYUI05EO73JfTL%2FteUUQtdxAP9HinH49apemY%2FEn632BZm8j7FFcIM0FLX0WV6sER
45.,侵华日军日记曝光南京大屠杀新证,12.6万,/l?e=9bb2PJS5bKBKg8e%2FkqQCO%2FPwIkLbmbIQFszpUzEb35K4rASc16du31tjPhDo384pPjjVizWYeHiFaWAZq8Ji8QK6aUCasvGSqd5RtM6ZjQNVb7sjdwXkjC4MJi%2FkMNgam7MHKqdEcvw1v3AFXHRuLi6lgdUTdtKNzN%2F2xKXOoLGtZau6FjuBp%2BmEB%2BFD2szoxcj0RSqSBNs1ZoCMzK5SCETOVLkYb1ruRp0CVjeWslwvar3v8mnIewKiZqAPtGVkvkpHLDu%2F1RwEd4Dhu5yCPi9X8m3S9VKyOpcplXRq0DEGWRIJaHqERyGDcSOO%2FgxWW5WUryvVeyfU1ZRgsOXEcv67kwFY%2BTEFWytHr%2Flj8fDIp5iN6pptWLJlKznCUvHqneEfDqveDoNhrYwYQagaUUvijikt5eugMJq%2BpsWAkQbbiVcS
46.,奥斯卡宁荣荣 新还珠格格,剧集 123615,/l?e=0d4eXpqRO8diGgF3ukLMivJVkNxxatt8Wq9OAy21ruZFfvds5qqt%2FDBsNth5BT%2BywFLgzwpX9MBJ1trtN04d60hx%2FoaXguetKfRhoqempK622QtYq687gwGo%2FYVhhl7JfVSh1NNFwyxwe8XmBUP%2Bt7mfp0yGHkYCwQM6QYRCYKFK8yHjALibEZT%2Bgcte4om%2BsuUtCdziF3J0%2BgWRy%2B0CXI1lxL9Y%2B0K29NcSj1tGYwGNmqo%2BFpcRPD2ktE9vJRJ1RRuguGTKvp2Nudfy6R%2FqEP3VsfslQqVLi5CqB44l7s03lDP1WtZRf29H6Qslh2jv8VJ1GtWaw%2FfxNmNi0c9%2BYjteBaudnU4av3AJ
47.,你家的筷子多久没换了,12.0万,/l?e=43a582BVE2Lrudn8wd1nO67%2FqJSjK3zcZLuYunP%2B39b50Ah96%2BKG3jnZB3zbrjNajEMjMGeo03Hl%2FDt%2Bkxbn20i%2BdO7VT83BlNUa2rb1VTfbvS41K5I%2FP%2BXU1KhClEo0IYSt0R5Nlx7RzaWoYPna2MSfC9XLmIfwAd3HznwrsU8Cz7C%2BQ6VirUdOnFI4Ds%2FfSmq774%2F3khnoOWL94fjsR2XKMU0pmTK82QuGOBF8igylHJLUrCmc0bwohwkm7SCjFV6%2FqXs6NIxg4WEcydYDn4kOCns8pBsiMfGDinpzD2gDYcptHC5qQGzhVF6ca8vgHEIii48%2BKvSH
48.,珠海户籍居民可一周去一次澳门,11.8万,/l?e=7c7cl7mLdr77qSBUoxbA9yarXQtRxhkye9GK0r2iEKUgzRWwfdj3GEv8tKgGAAErZfFT5TvqnekES84nfYlLhERB%2F%2B3aMn3RPBOTg49V4GKfJEr8lxg8quPHV7YMIk%2Fzc5XPMXOfqfGWWOjVeCIThEd7hFLrI0a%2FkcH36xW5lYOfyEgxc0pQw5g2Eql%2BLYwqMMzmDLZTYy2gaiIViqlsZsTa%2FvjYffGKfNrmRd9yDefjB54K%2BABW6UoORsUusTXCeLirGeTX6ISNG2%2F1Jb3mG50IBwVhSbjrClGf02MmRvuqApUtBykIdQQE6QVJs1Xtu07pQMTbD3kK%2BuvUwicT9vMedAl1jvj%2BI6d%2Fj8Y85TzkRA9lHqR0ha2kQeMV52XLQvSW7uHou353HFiUqcabmMC9ON%2F1
49.,杨子黄圣依 人设,综艺 110717,/l?e=e62b1pOteqUJFQBVqW9aXsgifyqXKjRaPUZzg54Te2y%2BMV4i0c6nJ%2BjIXaVL3Xg0GijdJPe4LZkMEJz1BS4mtXSUNlnH9DQy9gIKiHZJ7N55AJe4WeZFrLNVQyCwHSWPrGPJE9qg6Cf3fbAMZ2D%2BvFcfu7GKk%2BZRTNz0fqCxos1l9%2BJ%2BRrK%2BQkJl2dryzCba%2F9Bvpu5P52pNOry9SwLbW2PGOxWBk8HiDJU%2BCVc%2FhUr7%2BMSqHJyfsWPQIHqfXS%2F%2Ff%2BrluCqTt5qKx0wIpg8Q
50.,澳网亚太区外卡赛,11.0万,/l?e=3572w26b4EOrvWvK9wjc%2BjeNxFvajn4IYkZZ0O93wrxrD9xchtY0ThXr%2Bafnz2OKIDNUjQJIKFbAPN6oN4DJ0hau9ztn0YoHMEMUkZGRAY1ZqVj92MFMMT1CekplLwzXzCgwe8zpfDQJDSEAjPD4oTr%2FmCdiG5LiBhfoubyNLInJgNDBF01bt5Bx%2BDAKB8uy5ZDBjMLk8QLFHeZeGjwo189%2Bw3rcy9ZqaZ4BH%2FQOt5PrCh%2FA75fuhh%2F407M6MIPHUf9vQwdGJMlhLtdqP8%2BUuOloB7KBPMGZsnom
51.,儿媳控告公婆未经允许在客厅安监控,10.9万,/l?e=3ba7YuP%2BxORYEdS4yDNSrenWoEMc0PyAKfCA2m0vYBEKgJ63cPG0XBrTtu9KjUv5CSzzr4iTcNZrPYfUz%2FnA9t3lhZD9m0GEKputtdiWw5cmgb6%2BPfDkcDfLDo05U8BYgg3o0vwv8GtI%2FEBrXfQrMhMRZUC1toPOFv1FO%2FvYoSHQDwneyDXqgyf9gmUDv%2BkaH1B8lMdBt%2BurAJ0d03HwM%2F14A6DDN60Yg8bB3KabcVe6j1S6HlamrH%2FB1rpNwQa0jU217KJOuJWqalNDTX8%2BQWGaZE1YG2IR12W0APuB2dZo%2B3YY77J5BrbY0dDd9JGHznB%2Fe8oxxEe2U3qi5KdQ2dAzX%2FY6kaDS%2F2W6TK3EDPJ7E16iGUOhZl6Pqpj8y1fkh88LXKzjVehFpNQiFiHNGsGf18XpNRXaRJ%2FbjGCXiMhFuJrRxcCqTk4PSeQP%2B55gymzu
52.,侵华日军日记描述南京尸体如山,10.9万,/l?e=5145v9eN6B83sEm6BPxuQqLMh38e5UmuByPAGvKLZy4jVsPhBlHUOpmM13Nxg5PR%2F%2BAQsCNhwGnGfVWyJpSZ58DUeVE%2FsvUq%2FWSgGNf4Fr7WglaLh%2BCk0qGwM1z2oEOlCe7SVaKZYqzxcncI2qbqj6xT2bgYxeTclCAtChxKRnPX51j%2FJ0sWiTPSUc4RIqpJWqnO%2BGacxXHJimWpUFuQDm18NZuBmXdvLwqdzBE3mjL4auL3OmXD7bjg7WieObJd7Dvm6HWpPFqgvio5HlEx15%2FoamSqIs1xm6lmCQrjpzE8GaohE4cwGl84VZL98ktl%2FI4Z4msS8kkfJFyk2033X8zsyM5osU0b26jH9EdOk0cgyQwxhY2SvJKyk0qNfwiDrgK%2Fin6zS7kK6mIAXlrV0ONkyoS5
2024-11-29,蛇年春晚看九命相柳,晚会 229738,/l?e=e871CJcXdxTbvo2lS%2FjdhFJk8c%2BBYWaE%2BT5Fvr7hEgO4tXhVTO8WIDoqRf6hqchQpB%2BdN%2FUC6AbyxhUBQEvzNC6DOklZzRBAUQ88EeMtvPkfl%2FEDerXkyOkc%2B5cPMLZzu%2FxTharN181VqTvRqcY4U4QQdMlVAW%2B%2F%2BtluRtvZIAdet55aloy6SYH7HGkjAbg9veeseitwPWm1KWqgA1d2nTUuidRRPyp3UkQUdJTn6r2YN%2BppFgGjGUvgsdLwooJ5JxMFdyBeedcgy%2FxEDdZfr18TTa1tGmGpalHLIDjFwFkx8TtQwWn7v7Ay
2024-11-29,张婧仪眉骨阴影,22.3万,/l?e=2d5ds%2FMP%2B1BDrZkWdf8jos%2F9YLBIocgCc0VTZc53K5uul1pL3v0F2VJlGLcmAc24Hs8KgZUs3EwndoyZHv9qM9ad3H%2FJ9imJooZ18cqxvhw3heB0CCAZBkQGiD4yyn2NSEEYvj6jkkueQOE4qIC4aYPcINDmFoFO%2BVOk3G6hIZP3Ggn%2FNswlsUG9vsL%2FOWYG27Wl4nxJrJSpaBP2gQ1plEy1OQJuWnTkzy1m2Be9HZOgrRVWWRB3804uAqmEXrwCFVQFN2SI2A4DD7jq
2024-11-29,郑思维回复樊振东祝你我都一樊风顺,19.6万,/l?e=f9f2aQiFeSY95pkdIhXJ0s7Ad3Os2Jic6qv%2FNklljzT4hjOdcDg0j6vt5IcjXUe2mXP2AAcDS%2F9fAPuiZmwlLviVxl3%2FxVsHGmTyVA%2FoQfHLJD4rf7XlHB72UEjJAX2RvvgXE6iN9FMki4BOrIBKv8gy1zLVNMYU0t3H0SIwhXrt7nipTI9EF89uu2FmzXMCVSZH4oieeh8Y3NOcfGdtaVNuGla%2B7dunNaYhiDZEllJteUSGsM3i31LsDOb8jtZtUoyU3N01T1EPmbn4wAX7dQUHN%2BlVz8sIjrwWpdAH6WWAaXcQyq47RGLjdSPyHz5NlVdhSgi2HODUuHWLyd9Bc3OwVyCdE5v3RtG7yIlKU5LZpDWK7lxfEGGba9bkXPlqBmuFSW%2BRVFDGQ%2Boz%2BYZ8EMKxLrsWRwDrS5O2KCtbvuaZELQk7nUI5JZPv8uTUp3i%2B7%2F4
2024-11-29,安以轩老公被判处13年有期徒刑,19.3万,/l?e=c8a11JlO6a%2FKy6p2x9Ks44jBTS6WWpd5K8OvAViTMQBoDYHfQXZNGQ4fWExnKNbggiiujYqZbrjtMD3pmMSDr0I%2Bk8cDjjm3cAP6ARIqNEm4RVcW0wdWvYvz5Dg%2FAJF4HQmVthT6w6gQAxdMLn%2BvtYHJM8k%2FC9RM%2Fi4grWHH%2Fnyf2%2FJyTBMngpLpPzC0FG5bOWwJtUvdr4SLShUc4B1JrFlYX8XZ1xtmrfz4O9Jgs2Up5C0vAPA6DYA%2FD5%2FYLzowK%2FF3qj6QsWHPNihiFCRNGE2en4JKyfpC7N8Mc%2FHeIsgJe%2FY%2FkhUq00LIDcob%2BkH1ibkcOP1JGqVr5my%2FpCSkmYLKHULeT9iHMZrR3%2Fby3k0fo4V7ynZ67nMbykwA8zDfa99TzTgKfPk
2024-11-29,iQOONeo10双芯战神,16.8万,/l?e=93b40t%2FpES2%2FPWD9PknK9ZDNKTCBeAHI%2FjI279TAzLJdYOiOTdL6PaJcoyq6uvHyn09cno29hBZDqmb5zQNlv8aspQbga0Qe%2B1EPauvAqF2C85FN6O6kF1yHsQjEOcub%2BQakspcEv2D3q9imV%2FOt7MWmdw66BGhmRO4WrJKZRJNKlMyaM3Yc2gQDvu43TRU4GVTVD492W7CeB6h7pcqgXs84H1L5RTe2
2024-11-29,周翊然周放一搭嫂弟二搭姑侄,14.2万,/l?e=289cO1nQZT%2F1kReqL0mpgA79YOBB%2F4quS1LA2i7efHynMaxoNhWJ0Du7OJlq4quuMgdX26SrJ58RbjKS1pqecec5gpdthskraAHMRpgiZPD7Rk8FCuBogYI%2BHXted%2BMPArEbGnlHJJEc3oWT4FK1HczM%2F4Hy8WUZzOoNmpJrJbw8jlZ34Q2xms2K0LYKdDu1kAANRDambxxi5jewZrr6VZ%2BiGHZDd2F3qAoDqYNAfW1wFJyH5QvmqmcgBZRPMfe%2BXf8wXw2H9MfTty2gZrn%2FZAAzHcIqueh3InjeA0orkdvqalxNwZQrLzP0EWjXULFvYhONtzCHRKu2%2B8TEqRbA6lEOyuhyOgwZS4NeJPCtdN0lq%2Fi7by9UYkKrZYrQBFaESmk9YYSO
2024-11-29,优衣库客服已读不回,13.8万,/l?e=a606yzfcyUBMVCPFYsRawDf8%2BR6vmBiKD7tpe3gxDxIsgGEMmKo32dxEP6E%2FPVMrGlA9DwmWPN0unJFbQclXkhcCJVnQyflzsRxH3SkmRiGD03kUxNMgkwlnsjVofR7AO%2BrggWFJBA%2B6pHZ67Q9vLrENDfq7yWf6NuxUxHEKLtdHkavPy9BCWQ%2FO64Ms35eQ%2FS5DLY3omYzNLhpUBOEO4Ypb%2FSrrfHgaSp3UPXjv9POVQzB%2F35GuhST6yo9wzgBV37paBhjJKtJcE3EhUUelI8CPN6JFF5%2FFGGfU8yHrURdLD9PQy9j27F1R
2024-11-29,樊振东对郑思维说风正一帆悬,13.1万,/l?e=8a4fMCbf8biZ6R7rKMaKCKMBYVgtav8sGwjhPycjQfXMhN8NcW%2Fk2livN3426rkY7W2ZNH8XbGGpQMyi7jtPxgea6RkhRzyfbkdoH8vqR2A9Qnz4cwvWznJ0USSWfQ%2BVRaCyMzeCAgxiNVTvyfQA603kTReRmw9vsDBWTfdYxBU8j6LIAOEjd2Cnvh6QsjzFkrVXx3gwZeuQ6S98kNp7dOOcDiE3iV6d2mWSOxDqELT%2BPWcyrQymL%2FClYzB990KmVAb9zhlu7D3RsrCgaHt1HVuvu4XVgafxzEvnlB%2Bj163FLbBVicYMsvPKNL9YH8nF0ouOqkqZlYvPLjmvIlJRGz%2BBmjVYLT7N3xcN%2F6VrAfuxrXQrZy6dspMwK0O%2BS4iJhfufrA7Q
2024-11-29,优衣库在华业绩下滑,55.7万阅读 | @南方日报,/l?e=e8d8jmjzEsUOxCvUtXl5voHmlWZm4OdO0u26kL6hk5vuwaLiZ6srkiiwbD%2Fe6P1hqYFC%2BBGawCQgtUhVeNyv149FP8tSvF8pxLmIVVIMDgJM6fEDSPk9fN5v%2B54%2BrcpBFd4qMr04nWOcQJvlSJakVT%2FtR%2B6gjo9mmCEvgyqwxv4IxyMykMi4MMwMANmMDqL9EZ9r3Ha6Ta5biiNxrYA6HLCcaxho9p2G9JfdIKydOP7NfdYTuNBDUmXvsP56AuKQAifJ2ggrM6M77UZjUT7hXk8LsMmtiGFxF8Fa6PAnAnqKcgd0GszGOkhT
2024-11-29,2025杂志超全订阅攻略,,/l?e=bd17ocufqjxSEzusTFU%2FEkcwvwohUyuwpEu3%2F5GkO5XVSKoPzjTZ5VEE%2FBNiE9c4He%2FWhfehVQbii%2BQlltST8H%2FNuIsfVH4%2BS9t6%2FMR60V7SvuaGVgFzk1nT8gfUwhyzHP4p3KtF2caBLXtuiJG57avQ6ignnCWk6iNaYMWdN1BLbigqCOH4l1XSYbJEAxlGPPBE4mkRbPDZSlHn5gZaxW0ii0houKIMEZKP0nWx62oGovL8o%2F%2BWlOhs1h9z0lwBLLq61r4IlWxSlncGDac79n5LFA165qtmuBu064CsFg
2024-11-29,一年一度晒家大赛,,/l?e=7af2kj%2FEZ4EcBy%2F%2FI6ZASFsA%2Bqv5PpolaX0y2alziLZomJndS6CjJaF89X1aBn6Akpp4dyLZWjqVvbWkksqT1tFsFQjhwJ8lHnI64mPk1ucYf%2FXqi1M8%2Fdtcc8AXMhHaWi8F9PDH8LnnhtPJumrpZvk6E%2FNj92h3%2BHF4B9VuFxA1%2FhieN7NVpwT%2BIEy030uBvFzBmCZKyrj970KlZBvoXcDF0iMEXu%2BrNmas9PJz4y4%2BMH7%2FPaVHYLn0f7yId0VslHL7SwKeUvvzRwMBEpRNrqHM9Z%2B9u%2FDT4Qx%2B
2024-11-29,A股三大指数11月收红,40.9万,/l?e=a288ivBFCYSAKsT%2FkCUP1oHch%2BWjmJ8rQowgatusMrOxe2fbSWecZZMV7NLYrDqjLryrtCtPcth5%2FqWZ0i%2FyoqvhXcoNJCqGCPQkJApl7j35bgTWlsCeSBxvhvAfMBjxfaiIMEYABmAs97z1qN56Jp98UBd5h0fx3E1ARX8Wpr97fcdHB4EA2VDyoVKEPEEzLzHja7evJeVn1YnD6h9VNib9wE0tWRnebjAPZwNUjT9Bb98DYmpunRDnciH3zgB53q0%2B13P0Cjd%2FcfZ8mVUzX7EFygktFyg23QbagrBH
2024-11-29,澳网亚太区外卡赛,11.0万,/l?e=ae6eaYl%2FDErwskDFUUX4YpMR4oIoC2vGind8AGaXCn0NcK%2BQ90dn9Z1awn8YY2X6FvD6GFakakF4aZIh1qmFjf4WMDt3GGHCZf3QEoT6s37nmszUGqrCiJ0gSWyMS0pTFhA%2FhWc8nHshVX%2BkLtLCRmHmACg3uiPHtLuk8ALAEWgwqc8CYjxu0WnuvNsUMC42RKYHjm9HFqqxTvYJZ7%2BYBWhNsO6hWxL7OPmkpYEBg2UzRMFm%2BHkvLb2%2FBPUhgdX3pHhGb5MxRWkRDWrxD%2Bgvq1ARJqd6F3CaHnFm
2024-11-29,龚俊城市雨夜撑伞照,23.8万,/l?e=f149a31%2BYQU8Lw6eswyAvFpAt64shG51LD7rh4sX9yxglCLi4qVcgATn4XEhtiiQePTpGi2kieGC%2FcOEiKYlL54PZS8TsltV7BoFt0cIN8qJKxlTvpTDuDSqmRgqRSKiJEBZnutXnFEjTDfojaHmrBj%2F4gYp9nVCKIweHFv3%2Bh3JqJuGRdnShf2TFfcL6ze7zEZlTRgIp3RTiw5j2JorDj96yHmUBIE2gul7Se%2F%2FN01RAUgJoS2I%2FPXQq3XZVNm21RSa1q32hKm13Rw%2FggViGV2nuMlkD4unD4wi1Ra7HoN6pJAwjobxURVn
2024-11-29,郑思维说我在杭州等你,17.4万,/l?e=eae1PmJE33t16J9Dmbl5Ax9ytMmCLblH%2FD%2Fk1Gyx4RiLHHtU9N5UQ764NbXp%2FUCVrxKmeHBFY9wSFQ01tQuCkhyD%2FwvVPam0M7kbhCJBQlnH8v4qPUzSZty07EnNNyT8X3c%2BUxaX68jZm8H%2F5353vvI7noBeCkX4LsIH9ov89kojUTqWqHMomM5t9ZtW3UGcPUW54AaXseQLdPfXlSXJWYuFqH%2BtsncQUNtKyToOPmk4yZwEaXeBIgb81DPmd5HbTj0hYkBvD%2F5MGGD72TQmIUG0FmrGBj4OqtlnNqHQoUmdi6Nb0MLtbWtE9aPc8%2BExoMCI9AFuFPxT
2024-11-29,林允滑雪妆,20.6万,/l?e=7f8ch3PDVLaVI%2FUb4GtPVE63WqKotiqbtldw5SUGgWrQS0EV%2Fvlx38MpjCtMZq4evjI59SWSZwA2GyyICxXUfrhRgh0Pbjr35meW00Nxa9gy9RVFS1KZwr7oYe7%2F0lyPTdrEOdcIllSWlIO8bvH2XVbS2rEFVD%2FYYnHmzdhfSAR568TaToAE36SAZHn2j6KEgLu43lA%2Bdk3Zil0cu1ZpZJiMVbRbcclUVfg82%2B%2Fk
2024-11-29,侵华日军日记曝光南京大屠杀新证,124.5万阅读 | @扬子晚报,/l?e=f755FaXVDqrKIAXDZdhkwT3igbFKMsd5ClhcYOtnlnEZC4bSBBX7TQV8HIT%2Fx%2F196JzC4jEdWExeDWLvDOWwLm81M3oi%2Bra%2BAujnQexBQzg5etfQT9UhPNIt3BbBIqq%2BBkGZxN5yUDDX1GBJgCtDdi1MRgiF3umtHdidqTJxUPno0kLrFlnKo8RNgf0TruTSlGiaLecix1O0KdsxRFHir2basYedo1MO9zPEaO5QSqn36KN%2BFdpgCshQT5ca%2Fxw76qPhJkIJuwZgL88yx%2FV9rrIzDG5aiijcyH%2BcMT2pixl2uIDX%2F0jYyq3DqurtHzyTO55A4gRYUXrcRMBccUhArWL2Z4Ok59EWQRBnCRv8%2BPjFwIfTF%2BDZyAUVdqmXjzQkA27azT1OnCYjv1f3uoCF%2BfGO6a2X5pHoUGeTQogNCfhHGvXb
2024-11-29,国产剧奇葩婆婆又出新款了,剧集 133301,/l?e=97e8G%2F%2BeV7FvxdXBXehz2jYdZmFrJPdxz0AlrOlod2vhYmRpZlO8PsPHRIIIeF3TWFU8PdHzH010RDXvWzrn1QmKRsmhG5W4Jpe7op862Nt%2BcueX1xJFISP%2FGva8sS5ifb8qixhAfgZmyXGZ1CXvtzUHzPJCjr9rEmZio8bxv9beHApRpmucXZ1b5k%2FEcP%2F4kEnsrLz7HUlyHopQCQsA%2FS%2FU0I0BjuiDTqdyw98pWprDipvoA80ZXR9UpG63am9ffW61DKyR7Y5780dy%2BIZLLDJg8u%2BAlob74eHcTn%2BnLixJGNFBqlKFGz5eIrmT3lGeBtOWLBj846%2FbSc5ce6w3LkoJD0moktfpNrgi1wCACTISYc6akQvr
2024-11-29,为什么刑侦剧多在东北拍,16.9万,/l?e=a521IXkQO5%2FqXCzKb%2Fp24N6uAraJqB59r8C4X0XO%2Fitv2XwWePSv4aBiRAmmwEnR9ziQTCK2WI1Eh3%2BeZYSZkBwo0Y1vz0XV7tE7DSXrvJT6HRI4Qewn141pOSljdTJAbK184Y5NRFN1b6h243Koxm5ejgYQO0JwTh8SmqYMUH9GYhLqPKSYgjS%2BBBi1j41Jh1%2B3G%2Fb0wIkTp2VOCpZBM9einKk2Rem1uIEL%2FCvcSmJ6hnUhMXPQa8zq2jk10wmK221vqhhhhomALuLXKletlaEZkiG%2BV8mEcnyYF%2FLe1Ojj5p48vSrWuGVh162nJE2oTO%2FH22i8lyc40Oy8O6AyA6MPhDKCFQtr
2024-11-29,周密把周芯竹买话筒的钱转给她了,20.9万,/l?e=7f48tCb%2FYPivE7DzygybdhwmumafSCOQulOgE8hVctHZDVEcMdPFyYBc3KFVZSsmdXWx0eHY17VBMaR1q6IjpxmODOWcFm1dkTSY5I3bxc87Aizml4rpS68jeiWElRPYf9xDtVHjooooXbbr%2B8NpnpS3Wjevamfg8VN%2BkQvbUPhPGU5d3iqqqRqlMLQO9Hh%2F7fqnl9Yye%2BRL%2Bvd%2BH9hZ5LaAuWNxIfbAIlM6Ec6OLKQTb1OmryKrFr0jkTMt1vRcsvBNbQK8LFHci5peXkG681rQ0wN30TFuN91UhCICFeMp9WjHzgSMEbizafCQrcbG0BhLm8HxfZM%2BnGOc0wJyNlMtQUOndhvBysLJOZEKKUcntmsc186ZeSfQ0Ukg3DKXG8AAijHbn4hMH1WRfi0KpC7tFYPyefizYKKX%2FAndAJBSzBAg
2024-11-29,贺峻霖一路繁花数箱子,综艺 132683,/l?e=6348enfhcvef82tiw3YvtrgFncnR9HmFYZH0OArmsxgeWutLech1mMu98Mcrh6bojohoJt8toub%2BF87X1i6bNm0NYTzYDjsahJTwu547Emir2oRBIdoxVbjtyctOAzt%2FRmHqKp6cINdOz82iRdtvFlsDH4VrUkWtjLd0lGcBiRk9A2gkyHwbL2rHk%2FM%2Fkom4G%2F1Z3aXd3o7ZZ5mCLOBoRxN%2Fz7Vm6LyUM%2BN4kjgXIrBMK0jM%2BnL9PQr%2BHyi2OIQ9AoaaB%2BFzjkZMlvmrUtuLZop3ZS2kOjDm2Jy4oKGlcxqBenCvK14acu0sRWExtNlfKi85yb%2FC%2FJyI
2024-11-29,女子在中医诊所遭性侵医生被刑拘,18.8万,/l?e=f653HE7plX9mTm2XDXwH2eerwWVAlUCn%2F8HW1dzDikowXrKlqfZZtxFqEZ21q4wpeVrTDq%2Fx8cx92KbVvjehtw%2F5PbXqF2CVk4DEZFiB%2BtVXdrbv8dq44Sb%2Fstz7zNvXzBKGwRRmXT2w64V0pgdXgMmR6mrejHicf1LKK4LMkfPG6%2BPjQhm67t9LGYPFbc1kspcs%2BcAtFbyYrrbwpvP5TrjXWSpOFbBzDtNwkcFhHSjrknPG0ovnHDYCzWfRCyl2laa0dfsr%2FVn8Ec1SWmU%2BOOvp9CWvE8oILRwpndFkyNJRhH%2BMB3AMhuUd4o2Vp%2B62gllVisVEDh5mkrOQZa1FKqrhR8R0vgz5eBaShHri0YHMOljSOBiSd4xadMVCeNQP5LyVvisA6Ut%2BHLdSaFHgufuWO8NCcYMFBv3I2LTqbCm4Lr1W
2024-11-29,印政府还在用被封杀4年的中国APP,306.0万阅读 | @观察者网,/l?e=e479C8Ky%2FUeQ8QFX8tMqjyf2g5ZRsklYxSDqkKiJaRnpKDHhP3EeWFUAh%2Fhyvuz9NdwufbzxgP2qIvmPFModLbMiPj%2FLYWgsLZxXYDE3S1r%2BY187NmDXPoIN7orG%2FweE3vtathXkvbvuwK82m1%2BHWU0UxfhkhS41pIum9YUir2dwMr%2FyTP0%2FpMGVUYLJBteYzsvdJ0tpmX0v7vdVQnP6kDxh9YyihCV%2BlYfk9Fg35uCSL29E2O7yLxp%2F7h%2FMH7ZBlUUS5medzGtuGfZUelPrj5Gsf8RIJKpDFL3KbPeynbG6VV7QdjZnwe6iKlkVCjY%2BjwdAo7rrtIu2v4RheuN5ORVI5EyUTDMHdsMlKG0PNKVakWVKPV8lP%2Fblm8Jr1550RFsp08TJ1JzziA
2024-11-29,韩安冉称do脸模板是赵露思,76.2万,/l?e=2c5fjbanLh028FDIKWwxrOMh6hLCjbtRMjYmzbtzGuxRjDBkUOrF0aIbHbnEb50yoJMxlQF96I1kYYztrJrJeWfXXoEkk7Wq35W%2FO4NgJ2l5KkUr%2BxffO9nadBzTDMJLs1Tk8duUMeWlqXk2HHsEuCwIWYU4Of3V%2FFDfKQJU1y2dRRH%2BWy0P9NVzL1t6XmuB1%2BiGVGrN5nhn3OynSFIQ%2BtEfIZrEVg4ENx%2FO0H2rLf88B0SX0fztQKTJ0XgM%2BsyZa1cmhnLZ2foFgXOvjLsE7SuQ433tMyG7spLvuXMHMa36WI0vKsd67ZbrpdPzWEgBjCvkF%2B%2BPdDzyLnoVTBSkqimys3FXERNMoZ0
2024-11-29,王曼昱助力亚冬会,28.0万,/l?e=52a6qTyf18igU8o1wyI1ubDE9XLtnXOuAXGmLiBuEH9IvFhmfg1Mg7bOm5woV719Y30zMd4skltaQE9EEG3FvQmQ3O46iWWF2dJQveJ6ow2EspJHFi%2FabU5waArmPg29QgTSHda4vp0q7eAsTqDV3XAleZL97Uu9FBVqACtnAHybPY%2BBN4vBFO27Mw3SqwKkfb3DyeY1ngUw2JzRRXTqgnfbcMtbgmdX3FEni0F3wP4WOgoDpJk2eKtgb9%2Bb7HnOOc96n1LjqfOWlgl3QxRxqq08ZFHOpM7lomZV
2024-11-29,小鬼拍到本智性恋心趴上了,29.7万,/l?e=03f0Opt3zohFxZNJleqaunjbVQNLoXwHrSb4oKTkF750kChLY5sM%2BeeIxIbbUe3V7vn3OMBm5PrxoG%2F%2Fi%2Bh0%2BQGkWdkdyam09YHvLZmKf6LO1L%2F3uupP1xqbXL%2B9lCtlIKnFNcrH0gOwUXXbw6w661PJtgR46BZWkPIaGiDBUZxQDWcolDAsCxo35Yi%2FwLZUlx0yr9OjLD7OaiZHf1dAN4fq9LasjBWWgdWM5T%2Fr1zymXxX5QvbZCxKu9J%2FsJosG7CC5EIve3STXjZxD%2BY2O0DABg2ElDzDZc0c1pBOx%2BTw0xY%2BPkv6HR4g7tBGZ%2F9EZN5Yd2Bs7VCEjF%2FdQY2xLBoeoFq8zVX%2BYGr4ATmzC4E6LcxHhqTqG
2024-11-29,外交部回应优衣库不用新疆棉,1388.1万阅读 | @国是直通车,/l?e=2e37qr0PUp1RhJP%2B5tw3oonMCdnE6sbzvuX00iOxdDxkaT46jpqgqsWcpOvmNg6DRglZGt1adVtBLQeT7KbDiRYbaFe4i2D34l%2BcFggoep5kF6Wv9LSYBXNlkOXufHwsTYztwVhZlD3CIXu2opbm54aKjSQVpbL%2FopeCbo9HhWFI%2FrLAKX5Ae00sAxILz9%2F4Is2jqfjHNulNHCRlIAwGJtGB0nb3KAa6U07QAnIcEiC0qmSY4kV%2BGrlVZY1MclcdOzfz71TxpnOM50IBeETUfXtYdHtYJweFMskrt%2FpRQgiiS2lYSKss7deGfwktAKKvtY6kO4o7dM7oiUSx2uTAouqbG7YV7%2B0vCDC3nTYvOPpjr5GgwDtsoiYZNzt64iHqgZzbjIhh
2024-11-29,李昊 活在我MP3里的歌手,11.8万,/l?e=b733DLpXB9P3LVfZFz1B474aAHBa%2B%2FGWOiT%2BdVv%2F8hJ4wdcDpQNeK5WMbIWutkC6JoBYQCVVlA7nzEQAlYz6Og3gzRdDmYLms9RRWQDtCwLqe4SmdGO1TF%2FUXqFkET4woKO%2BfwueQxZIWPxE9MHqYngnH8MaxTKdfg9KZlqghgThCRHNy80nnW9%2F%2BIye2ujMRv1%2BFcccTOq7Kr5ByagIomQVOOplTcK0MmdUmUZfV813uYF6u2QjpRdpqRvlCGZtR9hvltiqxASsVKXCeb22bF6jD5y3xUxuSBOUzrRg2zcz8oaCXPmowQPTn5owVLrn
2024-11-29,导致胃癌的6个高危因素,2463.4万阅读 | @人民日报,/l?e=4ff7nqZzps9F4a5GLWvOoMPjzllqkpOZRdDCDvc2jidswyflMOzxZKi23k01NeqOfaru0yiTE5BvdWm2IxCD9KFuLOs1pT84HHwBX%2FQQzQTlv5qvGiPim%2B4O6AjjdLF9S4l%2FrI%2B0psekdhn5UFfPMG59yzS9MyyhiUkp%2BMZI54JFnP%2FBYcLBjB9Xp4LcaMS8Bqdd8I2AgJ4wrkPuli71%2FmYX%2FMBJoVqq4H%2BICffkjaV7B5ClHomFjuRxSJNif7acrPZ9EKI5G%2B0%2Bijk947lWOsCoIVLfmUh6XxGA0g3zZSMtshgK7WSJmdRNd4x6bCJ0Tu5WSrNLz3COrg
2024-11-29,扎根中国大地赓续中华文脉厚植学术根基,,/l?e=b61c22S6sRqO%2FeZxEXZXpeVyHuw4LBIFZsYBTM34N8Ho1BSlfv6W7kOiCTNsh1DpZoAhUglBlNBUaUkn%2BI8hSnVgJl7CO5jaFFU8Ypcpqwj%2BfGbfW9BhUMwWdxj9K6C3KORAicQn5sXexGbGlQnCKkmX9ABJ9bxtzWT9Q5HwKhgAmisD19MJ4K07OLtWXwyes34FfjG49dL%2FtdUBZ0pe4JqLIV5SzqL%2FKhbcGty2Oyjm%2FKVh%2BY%2F5tvzA7NO5nELsdQ9ACUDO5NBlcn6OpuBXjQW6id9viUIS6UxH3aEss5IvafmF%2FGfH2Ry9r4NpG4PMGoH43RiIRbUiapjF9kehGGlSRwKiVLPhrVsHJfTNk9F5CS8sHu8pkkxa2SIIE%2BZw3wRkSGGmlzdS3ctSRBAjtrdl2tssTrtElOUIYx0wkp8a5U9pJWOyuvhcwZn0fCevNPWSpW3Zj7SUitOlU2cVzYEZ75Ofcq65gaqt7%2BuB1wRb
2024-11-29,猎捕野猪为什么这么难,201.1万阅读 | @新京报,/l?e=74b9fnNN4uMizv5iZKBTtOGYvyBQhLW0va46jO7C0htOAmu3DulSJwYjKcJp5A9WlKlFIvUEWg1gtw%2FbSKTinH2glRD78gtD%2ByfYjGbwn0JpE6ApzPXqosvdR01xeYg77F81pIYwMomi2AN9X%2FmY2EcYLC2JzmYfk0bW%2F2aCMs%2FRvEFGqaKEc8a7V9z6C%2Bsygkc4nXS0m7iIuKkA6z4EMYEEppquqWKfrG1VP4hptzVpgk%2BnkDTeairmj7lbSPJOCQfyVLfpsHLfnmKQyZFahUuQVBZB5JTrWsas%2BB0Ig8bpiGEi8GsPBrmlDQTF3sjEwOYNsOhP%2ByZV
2024-11-29,人民网评白夜破晓,31.4万,/l?e=1a7fNEll4nDHv7fRmsTgNSMvSGmZvTPYa7s8DhDnfgnmwstu8JwPktwgdx%2FvF0DAhGqAJNVzcYUIAanie3UDx4X77x5vHvi13YPJ1vLrh9C2Vdvn3gqStOJq5fnX0WV5uXoqrsMNqVU2Rj9l%2FgHGp2HKW9ViBZ0kNOwmdORAmvCTuL9jNUGYLYAfq%2FOK7OFJvnYAduXP2d%2BBggfURCYptQXdzm2Hdfk1i6sqkVkaMWk77dv0FkcyvUjoVGGbs%2B05R7iWXCyE%2FAl96%2B1FqC7VgrkHOzZmyfjCwdZM
2024-11-29,春晚官博回复檀健次春晚相关,晚会 888700,/l?e=ab18A1LIYMAiX8x1Vgu2vbYLr3WVoAVEqLFHVP3U3yuSD8wGguwkf4e7aWviGYwVmjlixZdcCnTRHmpKzwol09znaKO9e6gKPghIRYnjInHXIzKLfMxIjhhcQezdbNBshPR%2BntoMA3kKkF4Zv9LNd63aP66Nzigb%2BqbNyNHTkrmUgU8Va6YtnIQjtp%2BEWm1TVNERk0K2JC7rqMddHAlZNzUzV3TYsMYkG6dFdV%2FJdKPf4cAMJ%2BDNe6JZYsYmTXReSAhW1s6C7KkIbwSGeCqFUyym0alr17NuALfw0klALEEPYxWMVCngYMK%2BLV1y%2BN1mz9L%2B6y6oO5qBYj%2FtoYAXmp0gKOCVpfb3Ter8j0QGGeZDRRvTqfAkzsGOFEfNdp4OeEDo98F8
2024-11-29,悬疑片的反转应该这么拍,24.3万,/l?e=9408GTAD9ZCrUw%2F0kBZqjlgHPgBYChN6%2FSDP4SuBCSLHwUd94cKAENLJJ%2BtcPQIwS3Mvz%2Bt%2FDANz6vNYDCr0iXFAgvueZnFt57WUn8A6AQXfEkBAwK52i4XCQVskDkA1IWL8N5til77rb6xgjQNVEKf6tRKkIUsKxoHHKUoOq2hUteHj0LTPKHO0gc5kAiarX8eq3zImJ7TK%2BM0KMEHGnReryq8BC01YtADt012c2SeV8d%2BZI17gVS233j0AG1w9I8Lhg%2FjLy%2BwZDd6MmVdAPyOK%2FGM4tNNvZk9ANHcoBhw0eygJ2hNNGM43i7kJfgqOJ%2F2DaDW4ovsZhMgjCPXy1LJc%2FxxH4Bzp
2024-11-29,Baolan晒传奇杯四强队长合照,21.8万,/l?e=8015Ddra5TQI7EJmpghvmVUR98nGgQt4K4dWWpF73xWvntthL3hxNVwPFezzF%2Br7YpPjMWpegd0Jg5TxPvAcLzDAFeN3k0oULGjt5an3ED%2Fq0kTtqUIPv6jAiTKwqbzGIku25Nim4eCYkT8KmtyMrL8KIVcZ8e%2FiH84sbkgU8ijw%2FUE%2FHTVzlMlqnr%2FKYLK6zDftSyLP58V9DhClvAew7PLZY%2FCgL5U3V1dalOib%2BRA1ZUxH8QSUUH1lCywtS3zGK1g753KtCz%2Bm2kUZY6nl9nsYTAO5R0J8VgM3YclvhrmOvn%2BpwTC8r2Obop%2FKdlQ4TC6S5O1HIoYppNKFQS9z
2024-11-29,小鬼王琳凯风尚志十一月music刊封面,13.5万,/l?e=e56dNx0EPO4pZFhJCujBqUm4hyqru%2BU7LuuH1nl50fayBAXYDnAuGaQhc%2Bb75xHSMJ%2FAPBdD0v5xGSNjFf7NZECqMwoZZ2hVfevRzl0TPSZlNSgmDABT7OTH3sOhG7aD4rwd%2Fd8uxMrcVkmt9%2BsIpXvEP9wwOk62MW9tR4kiYyCi3ipedPY0Z6LjRcfTBP0I83HMhgtZB39ykLVDNIPE3V0jLF35jmbDR9Pu3YeUggzFH2r9oeADcItNv9TbnA1FNWjXe10w4ISzaZQFLG4nRIvcTxqJmAKHw8Vg56s8RLlU5Yi8rFX%2B5JS8e7QQae7f9vkeoNAVlKcGB2NyC99nmMrprXyPPIrN0qYVLwRfThv%2Bd609SAM8yj6DVS0JJHl1zKQAJqP12vvTiLOQ7MsM0%2BSRowul2dnM5FA
2024-11-29,金玟庭演唱玉氏夫人传OST,16.6万,/l?e=fb5e%2FrDeY0M6gE2p3224EJEqU3JTRWQ0V%2FKRkFoD36oVTVpQW3LwkwRnP8SN5oM%2F2EOZ3e285%2BxtN2pTewzxWLLjZfTX4ijZImKUqlOfz1zHUSnCqcl8WujCa2Kajhdz0abm4kzxr4aL2pPTC2O%2F3iTrz9Krl%2BQHVpRDl8zQgG8Cr28q4TOUC2a7TJDkFlNnlVCofXZXD%2FLmvks5aa75jIM2N2XlGD7ZlnaVRVOQieTTzwx0ku6lZaGI8WKgTTIi3oe9D1ggUKCdoC0RuPrKs6HPnKqi2Czr1LxtyuG97Kc0NsabGkhZyxoIfg94xS6KiXdRaPgPjZezmkYg
2024-11-29,打游戏一直稳是什么体验,22.1万,/l?e=b09fgfssME3UTQQnI9cjxIqMQneoKMa3IgiYGbKf%2F1gceTEImwnmpknqaue8jyG8W4xxnLHElfYuqxNkE9yyrGmcPLlx3pcx01RwGe1tQKzeRsyETcu99YPQFGDJXS9VMkWHt3it8x6tYHl6V8gFtKnDkmuE9fkFxIh2L2U1TmnKgiD9MEuEMD1eJ9kalQ2OQaEIW92fLz8AxaJGa4sQh%2F91oIvBB8Lx4GxbIZVn1PcgE5D2xFS8yEKhnfkfSdCEByxE2HuqxT8RKqoMFe6u82QunlYY%2ByC9wI1kiE1Lkp9W%2BPyYWvgGuN3ZMedU4cKq%2B1Ya9xSmRbP4sypxFfgHNgk3d4i36opz
2024-11-29,儿媳控告公婆未经允许在客厅安监控,281.2万阅读 | @大参考,/l?e=8bcciDPfdBTuF%2F2tp7Mr8V7jyC%2Flr5Zmaxlj9nRKizEqKdURDwJhPZcV1JSyK93i9M%2FJ%2FGE5QOl6RXn1qKZsDgZpBchuK%2Bt5GwYgHT2aJ3tnjFfz4QBgrYG039ktmSRS7gccxGVh13uL2GqTEd2XvbBgdyM6rb8DlDeQMOXJQ9cxmOqPybHao2vwP934At7JKvlr2kk4ewmXS0tWC1SPqGQe0GstHPG7oUV1qd%2BdTrKeCf1v4JZbrWkUUfwZ%2FpCvUhk%2Fiq6HSKds9tMRXJOeU6wh8Uyw39t5vglp%2BM4dztuOCSG%2BMHei0XUWlJcxGTBp1w6A3vjkO6zirKoPsd%2FmL7PXVFC7N5FAb0G242fx82255LDPml6oonU1rkSGMId%2BA%2F6OSdp8w19S3yM%2Bjpa0x0yeIeGvP%2BOOOIIBf%2Baso%2BcFW3PjiWLtYEZiA6VCZGBWQqq%2F
2024-11-29,蛇年春晚标识有什么寓意,700.0万阅读 | @央视网,/l?e=7050%2B6iA7s9ooc%2FLGpLSj7N%2BXVFwD3djOj8fPmZWWxztOaWA1Drl0V0oGk%2BFgKiJ%2Ff2KhaBz76FfvRuANnG9KcbiutPf2KOnpP2kwIywIX33HmdV%2Ba9acRaQRgZJ5MfygbRnDzFy7lbVl%2Fn71uMmlkDhdgwkEldZUQlnDKxvdRoQPvi5XSVRnluVu5Ps6w3Ux5lCMlAQfeh5wL1FfzIgThlFww13DcohOFGzN4tgcHjxcf%2FaciYJs1KB3DPQ%2B9rAq5xP5It%2FIgBaTpj3kvY7SlkHIhNd8%2BoJhadfG5y0jI%2BdJD7t1F8MzhgZrpTn6KOIeqIvyrMdWBYiqBoX0M4a857qhvwsapnk
2024-11-29,贺峻霖求旅行攻略,综艺 207666,/l?e=4671rAncfv0GQJ0kOCS7yEbJHU9x2435lDQdsMb%2FMRv1mkwu%2B6ATy7qSzE%2FvCJHJeUXjy8CFo%2FQ%2BnQOuLTQVO%2Bj5cUO9%2FJ1rokyJ0ChdcEZ6Kc1GqsPoGSUVchDwMS%2BeAoJFuPpnfe5jBD2Hezk%2Ffd22rskPti5WQULUxo8JgT%2FaqCRiP5%2BhhOqSH7rSN9ZksVv260DtcWpfxVsyAUBhvoM7xaMO2r17Smx530zCmhSxnQZYx5i5tPeZl86Dejw%2BqvDuKEEYfnS8QMQQnvC0uCdMnoovKaefbxLC
2024-11-29,一降温就流感的体质怎么破,23.5万,/l?e=a4adAXOoxAKS4XJhcyAZ45JGxbvOUOYNB7KeK6wFTTFQg%2BD2VwgNWNoslSnDjy7ImNq%2FHT4dRGq13KcQ6NE7x%2FX4END58kTbs0Anbbd9NQIprPgTku%2FMA9Jzzj2Js08TE3LXdVRkcUiIVLOuT9A16LBfyN0JXE8iOYueCXXpscSiPD0fe%2BeAHqqZJVYLoskAVShxAhfu2seCTeaGPaLB7LQeYjW0%2BLBh9HJd9JAHEPNBwm9Vq9dUCLa2OGsArQMM7ViN2r2vkMxnLupifPEhkpLxAAjLuGV64GbdbcBXDWxisdC%2Bri0nSKJ2oR5rOR4xxA4nYqb8TBgqup%2BM%2FC%2B1LXOLleS8MjmZR0i%2FRtCt%2FVFSoApIZj0N
2024-11-29,黑西装是杨洋的统治区,13.8万,/l?e=10d22%2F0%2FC1ZqFvILhtv9S12aGHMc%2FAVZvR0TGRl1EU7ld7Rg9V%2F9sCjzYpLREMFHN2BL2yGN%2Fm%2Fdv1mBdAX62983uFi9GR7xFgabop3PqOoX13XLSeYL0ql0StP5D2XL5PvTuWae8ebd6C7ZyYQMzB30wQPXCFE9Cj7H9rJtx91zMRiqKnwAVikyCAixZmn8Qe%2Fxj6gvsidyLxcz34kdi8lYLrXfWV0tT5tOcdRgDPsfH4WobHWzKoBY9goThjLu7fw6ZWfyH64p6mhhwfvFhsd30Cxb1V8s6lNflrDzPvExoEnUqu3UGU0ZaMyF%2FAGzHE0%2FWj6Me%2FNs
2024-11-29,郑思维拥有7个世界冠军头衔,16.2万,/l?e=e739xCG52JfSuPtXMNyWYSb4yg%2BwuMc%2FWCuFm83LpcAj7lNAAgi4CodBnSUcs4VNL3pfNnf4jgOhCfRCbaroofyAKdiXiC5HS1cFil95nTZwKRma7zY1rAwQEgVsOxK7rNHl7UFcHwuKf%2F2oqoI1Pd2KXrmOFYGqf3IAiRLTaMbXxPY%2Fvri6GVbaztB0R3rGBDmhyYR9PZDRfsJOVaQAexNsYgPDIpLwltGh0z1yp%2BCqearPAJ3CquR5ik4Gj3UYfBkh9PhWmVgNfFdS0wji%2FqOI%2FROoK5wFd15jj5VCMj%2FgVllIrqc7X97GCwlgP%2BNrmCRkzQj5ajsTT7vJoVXfuZml5e1FyeuQyD9YNV6N9Q5tHa99tLZzAg
2024-11-29,中俄第9次联合空中战略巡航,12.2万,/l?e=7c4aZQBgPusWJfBHpTi2A7Ksli5Rwt5KENM5u0PcvPOVWDJdnp3OoWY2WFfo8VgvijfVYzr3xo%2FkBNO4mwMVkr7BqboD9uVnBtLaJZ07r8yItt25bvqfW%2B4Y4qYo3DJkRT7X5QZDviwFvtnaExRl%2B0JKeez4uC42fYOl24mOit720XxJrevE2VXN2IYGVi8PkhTw4LvIVDkO5pdyF2%2Bs%2Fj7LIqTl601h3QBeW%2BvIVkiCHhBdQlhdbw8s1F9N4v7OHjQtKnEt7HH7X%2FdTxSkXQvqQWJLpUjmaS6lXYHF%2BHgUobGHKazGLmA5TP9Hw4FCnwbZbTRZQ68GiubuMq8srX7XAPWjJqNy6O3uvubGWIlI47BMRDFL%2Bhg
2024-11-29,王勉 现在是个综艺咖,综艺 111890,/l?e=1053ilUBhncjtg6iWzct7zRvpnEFBGho1Sm8zEiqiKmtQQRs8pKJMQ2Ld%2FXsFJMN2BoapQbmdIN9QVaM2DQItAhW7KUGcR7OVkcSSlu7hUfN%2BNwcGF0Z%2Be6Hcqm%2FsGlXPDeUYlrcNN4UzwshXBd7Orqf9OTXqOMUtFEzMSwNajPMvO%2FDQttMZdUnsa5ZHssFzUPBSHlmnCwxsb0EQ7nhomYyKId3rYrbpyax4bZCqOP0UAJnN36EXMX3UjwA4Z2t89KZH2VDRjwsHhSHlMS6I0cSxDwxqJnUmyO1o20uhxRXMWKhzTULNtUFi3k%2B
2024-11-29,官方公布冷藏车厢内8人窒息死亡详情,401.5万阅读 | @新闻晨报,/l?e=acb1JssCYFXdLOL9rFPrse22QfLLQU0bbEVQx5Mn7D3K5WPcAMtZrXShsppn9Wm6ThfAf8GaN6Fb2GqcVNFJ0yyuSFG%2BHZdftzQxfm46f06K4HAUIiStEnGldNWS7TWBO%2BXJ2AP5TXnhwtp9KhUtWnGeEOMt2DVKMFwkdau%2BojzaL2KxJi4B0zzZYO6uNfVeFZoF1m32hPYcpb1%2B2qsAKgHswoC49LXTqx7STO23QvJ3QFwUwDS3CnZP72pwGqAl2IQfAe0WS96XhLpO9PDmZLlXgTYjRdaa%2FWjZlVS6HA2IkY63b9GEiBzOjApNvPoNO6%2Fio43cTrRsQU8dOipjURUD6wP%2B%2B7xBWBnwZoJL0Of7GWOgbgnheZL5dAFgnKjaAO7kBvYDD7X2LNd9Pl7rSRYEXe7o0Jw3Y1PN7JzuibsBgitANmrTFufWvqdAxNTO9r5Mtw
2024-11-29,欢迎进入中女造饼时代,12.6万,/l?e=1bd7oXXclPi%2B1clwER7pPByeDNDxrNVPlmjIitUwsLPisYYEPO0KuBhEyEU%2B4AF2uYwC7pWmxdyrXxDOmlCPgEgtu1SB33elBag9WS0KpOmZ8XoCd0NQ6EVEFN3N819t1z%2FAcozZO%2F4%2FbYwPCz89XQQq%2Fa0JMzIiHuAG8B0XgegNJtzG6vZMT0%2F1klNUQJD%2B1oBIFzdRle2W5lgKQPjwgZ5T3OPtbK3HaCoLvxQCcJDTMMic8Qi0soZvZfeKoFS6%2B8PixTt%2FJGPbABmA7JpUNOJwsoZKVRLYfdbyrLJ4CrIPKeNoplSj6McjvbYK34Dc2iLRxzj3rm9K
2024-11-29,中国游客在马尔代夫潜水遭鲨鱼咬头,21.5万,/l?e=82103cYr%2FT4jRBe%2Fw8iBS2WWW9WgvP6lrAna5OvlWenXNfnGMg5CGZbUi6BWxg1PwaKS6Al15MtAsq8mOIVXQZBOO6DjvkYVprVUXUe2M9YkFE%2Fp6upH5z1c85Jg1MsuezX9FU6XzRIylkalzXE618DVJd%2FQznZ6qyTSy1TxiVHzz%2B1%2F1%2BEhCV01ZESpOr7nv7nHjzrkZ9M3kjbE8vXnpV57h0K8x9Nf4O7QV%2B1OAr0%2BGtL9pb6DDFSAIaQsrae6S9XMMgrAWd8J%2FBxBqDkQvfHDLqSm4QOz4tL%2FNGUqr8R%2FvywEz7%2BzX840VZL6XWNlyyouk7nWyjg9DuMiKIAVXRB4o1%2Fe6GYjlX%2Bt5NF4Y3mS1xpCdoFPEqRUCNWLYEOXfxLk3PS4HK4TJtIuBma4X%2FsdanmKBr80rpHOG1w5rIuAHfXtyW7EfR%2FQsvgU8kBldK4Z
2024-11-29,侵华日军日记描述南京尸体如山,455.0万阅读 | @央视新闻,/l?e=8e93lUeJXCFv0Uny3Ts442ml2iejU5PkPhsb2Kx7jRLY0XerqnnNiIxs0pbmp%2B%2BZHW%2BbdbIl8ARutAUnbwVfx7eczuN6vB3IvUNdlSlmm3DdRZLdyV0zFi90ivksmWVuvEhSuP%2B66v9%2BfzzwcnetiOFxsEyP2N0CEbtKQuL2jZA9DSADPyLKShuqsBzd%2BEXqHrAa4zB%2B7kT6v%2B%2FZp5kpx7rqfAyd1%2FLl0tq2wE6n4aaLmgJd0S1du17x4stTgpKmMviVXCrwUBfr0XIZym54DhYSgEQxpeWy3v9yQsMgh43ugci%2FLYLVW9TQA8f7GE51Va5tVt%2Bp%2B9NTT8Pgy%2BTCoDgn6%2BSxtDcXAnWm4h97ONePqUfMbIOci3jwGcY%2BfUVsRlwFMEXT8ICAVyQs1aQLS4wzMOcR
2024-11-29,古巨基钻石败犬live首秀,演出 134988,/l?e=65a8jZpvjdHgx7waAMLHN5lh3mVHPWVCoaP1xm6S99%2Fe3BZe%2BqTpS8dKm087dkwzpQjW5NiNUO9h1MLlTBjxu3jYYKIiGMooiPL0%2F1Rr757lobVTAHuSS4%2Bg0cRBShmbWHr78jnhKkDsKgo6oTqF0SsUAL5AYaw1LAobfKE22HeL6qCXS9K3TDnZ4LX7iFxc7prZQ0gSGQB8fIMS1wqhssi8BtZ7pwVOvWOyrnIWv8rmEA0c9W%2FEFVjg7itwR3IjEv8r4s1rpSCExG%2Fm0h3R2crDyo31ev7iD5qtql7uGPixfOE6ZWI9gsDRQ6vASg
2024-11-29,巴黎世家售出8天后要顾客补1147元,66.9万,/l?e=3173L6BohVgq%2F4zK00qJ4qCh2RCl%2F1B%2BsObbp9MJ7Vc0ceFmy22ZM43agy2x%2B%2F3YODRESxIYzOuSLvkeL3bIod8tdLp%2BUqNNdJSfZ3qQO9wUeeScBWw7F%2FLWjpTall7%2BqfStJlSLlsigPctKEioWULbC7JzpAkEISqA0JWv%2F3iw1Y2FUrGad4o4441MWLqMKubt2EnczNVWGZl95p3TkJMaYVY3JtAS2uvV0tHh5o6lH2EY2pRpuEbX94QIdQnkwCv0an%2BGeAI3On5ByF8EeGqcWkDKj9wuxdWHewk2lIs%2FpGpv7KLyHsuNnSKop5A%2BTnzzlpzHc2KjYWI5pGCDVjyP0EUdxk1PryR%2BuYCUNLml5viU0TojB07x5txE%2Fdnw4VmRM2x6YdgdsyxA
2024-11-29,虞书欣丁禹兮意林少年版,剧集 137691,/l?e=404fW1NnP6j1GKyxXkjxVwk4xeBqRA6arrLxcPa5X%2Fh8ySMcWto4G4JOfwcP9W09sb0bT2Nr%2B1RgbHh5NQt8yTth0GOV0B2uLoxtZXU3hqw3sgl0wIUE8Qa0tEVpPOiMU%2F06B%2F09uyXposVpqlVIbcrcHnru1BSnx%2BbCk0O7fp6nBCS3BqbVp2zDB32wSj05hHZOBZqLcbW0yViwB3YuzoREv9lCogjEqSQIAwqhd3X2tfJaWEP0NRvI95k8P22ZKOeHUM6T4y%2Bp0fNZZ1nsXmsafmqXLIQL7OA0MsBusY4Kul2raADJKOauP1aNgcuwlSLEEGPTV7%2BjNGjUjBtH3gxNdYRpL4JT
2024-11-29,TES官宣Meiko离队,12.9万,/l?e=81f634MdPYZGx788o76n8%2FjumZwbyi5EN%2FNlGk9OoVwf6wI6gBRJNbjMDjCj3%2BN6PAeWNbVxhxf9IX5VLRvFrzbWTuG6QZctlXaQANsDL7iwaFlE5fly%2Bj0o5Avwm6IEsHrIj1rYyMNug25l3Ze9jf0U2AKIc1HJyRyoHCWuCBZ3HFGJPhuKoQOVqgFtYEki%2Bn3zqBtWw5PwVq6Km3buMijQWLU%2B2MQ
2024-11-29,唐嫣灰紫发色,音乐 110851,/l?e=ebaa9FDol4KX4cyf5glzEJ7h%2FenUNBdNuVsjsaKUPJqamRpj76d%2BMBmbZfPoXoE3GAAaRrIxlO3RFwFXS1IVcxkiJnWgDqT6fKLoeF2zJpv2JYOAYDYeU7jZ8bbnuDq%2Fg7UjqCHOpy4JdNNON2x8xynyvytmccNG3JqL2VG1pAtjIN5o8rb%2F8YJOQ2vxU%2FN5UmfE95LUX9%2BWpZQyRE78o9DurGKLVNJbviIzdT4wGbitUrsuSxxFhv5lpgDh
2024-11-29,韩国人的精致穷,40.6万,/l?e=a9cbRGQFINRFCsxdRsc2UVrUR9ClznNfcQzVfeBMmXaKP8yIdwb5s9ugZZGDwO5nacialQDlWw%2FdJX8bIEAu9c8x5oJwlL4jNH84A37cR2%2Bg4pKYY5MvsVoi0SveaZIVPmU7CGlw6Ng89KT0DZBeT%2BnpbWuU4Uy7qY3zjKSU353ManAULZOuveZUffLIvQcfOvn0xN3XW%2BJ7aYs%2Be4Y%2Fk0rPLCfewjcTPWjoEd6s0P7sB8C8jQ7nOgTxdHah7SX43%2BgVhncl8J%2FSBxBP
2024-11-29,林一长沙活动取消,20.1万,/l?e=7a3by%2FD8IIeP1PfIIhm0JGPikx5wnzQWLtSnE5siNAh4O1GiahR7f7ednwD42bko9i9ezyeUcWE%2BTZUYMGeJS8rNUlZZxcgkT%2FLHnYYSmN8%2BvIYdh2xqzFZzn%2FKecU4gfuMT206Be0ayVs9OegSrmusLgKuregDSmOkxqlCUVkaSxxNTpoVyrUxo2S7RknKU%2FF7Uk31S%2B0SSS5HFwEOXLT3DArLuUKOl7YsvrouxZ1yQv6E%2Bvep4nZy2geiY05cGgF6c2EChvHob1GR2i7k7SZvV8azffy7OtDaT
2024-11-29,年轻人买的水果半数是情感商品,14.2万,/l?e=40b8v6ZhIxQRIPv%2FyQqiTb%2F4c7BSaTt9TOG9lgufHBfOTcwzm5WIC5Qmb6nNo5vJArORq4FKjGbKrkPpQxNQAfs9aOfLFZt3DroIrg3R%2BD95tmHzK1CFwTic4qZSFSB70xvtUuH%2BM1QUZKyWat80BUxXC1St4QMdq%2FahVdqb3Y8YV8dQxPUZPg0rbZU1feRq4SwAxKfRrJnRF%2Bm4hPOyPeXWfwWz%2FzJJcpfwcTqIYGq8UN3Mucc%2FV4PD4gMu7KGndWhGngccGSSxJ5cJndVUJV1LsBjHOlxNx5Ce5nXTzw3L57jkUGaAe0CX04YlM%2Fgwfn2Mun1abHLGb4VA23I13heVom12pB5HMtDy82%2FH5IBv8J48TrHtK9a6u6ZiJVqqUjedFM29veuwMyfSRixQLnWSGxgl
2024-11-29,林一霸王茶姬活动,13.0万,/l?e=e057Br8qAtMfbz%2Fy4vC0%2BAUDJOBy%2Bu4R3%2F91UVczaOROYdDe3VzZ%2Fl9ygkf1NJuEZ6qdn8NbpvcK%2BkohbbupjBiWkuaZWbG5WCuk5M9cXosmJaRjTPbLegOI2OzIaVJZcbN7gVSL0J9aaxXpvpA9NBACS0lm5pKej2W%2FULhBhIm00%2B93%2FrVKIl3t1uU7CgGG27afLZ3qURveRguIxZTs%2Bknie8CUzQTCjPrlL4OZ1tmXPtQs3mf9wt9r7T8DUwa23XFZeLHTsJCYT1SJrw7S183wOpsUkhGsOXzd
2024-11-29,侯明昊无处安放的手,11.7万,/l?e=4dec3krLtxDRT%2F2qWnuFvtPnEiFbIbM4EXKOg8%2B%2B8lKI45fNkchyM%2FhB%2BNE1NohrT0%2Bo9zcawaqhiodfBGolZXmx4sr%2BJlZtkpAVHuA43QvDbuA2YvibyX4%2FrjC71pT4aZFySL1yJ0kJVHIQk8rtJrONdO1CHw6VUTe924l4UfhjCpiJTS4eTI0YdVhYg8SKrs5yZuLK33LhkOx9R9aP%2FCRqsf0zCwD6obItej0gyQFaXMB%2BmVDsKBegRv9Ls6Qa%2B%2BDeS5eHPEnkLbW1wjHpeFeaNTUp313zEK13tERkjmTNLaPXVkkT%2BocN
2024-11-29,上海体博会真的太好逛了,12.5万,/l?e=11c86e0ZmFBOA3SM%2FeiNG2etgcUk8SnZXCIV9d9GL9c9Bm6k9EvNdwV5hbs6NdbTirM8JJNCRHUGfQSMaq8C0Nq9H2nh9lQCBEgz2ZeoNjKF%2B93QwQ41e4xcD7teOQoL39EULqlvEWEKen788r9HCYFPxuGZIBsOYki6x1aaRUoZB1HRUOoxRFX12%2FIdC7MmRzTp57JToXNUyopFaW87GnraO3jAJEMktVVnDZd9BtH9iftbMEsIdsEiEiRmAT%2FaWLuT8p1ep1AMaY1h%2Bn1Cq3Wlb5duV6kT7EkCEuda%2BLWj7Ol%2F7LCKIMrpGX%2FdXybODXLL89JAt739OfX1RTwzNChW8tzbQqHs
2024-11-29,容祖儿心淡全场大合唱,综艺 134258,/l?e=502fN9aVqAnfrLiWidkR5FZ0No8%2Fb40R4cl%2B4p4ZyPr1rs53u7WTmS0y3CAP5H60xGQlemIc7yiEmkPQ07p1hDKW0HomZ0fDhA0swGNj7oi0p0%2FjsD7IPmiS%2BO1Y2Hz5izVW7f2FTQxCUUmAtQDbLYlJQR%2F8MdUE6NPT5tGwokr6sFGcT2CLHAARalrZyA%2BXkxOVlANBGtfEKWLkBkr7NbHQzIhXT%2Bz36QraO2p24wU4MxkRrTZbXPBU3USMtChj4e1%2FXIhhs%2FwtE2SMtzyh982Dv9jxtbt4FmsktaOI9zQjVo2lJu%2BKvD1d%2BGLUxMgl1DcjJl3kDOsC
2024-11-29,王源头像P了个新帽子,17.3万,/l?e=1d71tYTR3kTnzmgdRPudPLIh0dJkYnabHjsZDT7z4I4KlMxEf0NQm%2FLMKgR2Ijb%2FEv5g7wMARjcWaY3ni45vIiSGzAuzYqVOLREAPQ1%2FHXDpCgJBeILSjlBOwMmvK737VQF02NsJqkZAnp%2F7Lcze7MGAMk9fv2qmZaMepU8AW9XD7%2BSWi1OAX6ucJDrDDI%2BdQZwWW7GsFmxyBmLKN5KxKDOXGBku0MvCEEWypImhIHeR2njhbxC2f%2Bs6nhERtoPpctZEn%2BmNDBslThvLPOLPNhA68Rzsh50ojON4OXet72DuhgOMw8p9XM3Spg
2024-11-29,再见爱人4第七期视频没了,综艺 334653,/l?e=188a8THOtwm5M%2FwVgsa7rZ%2ByjeDTFKcT2cJga8O131PZFN6wfM3wCQjR%2FqR96mCG2cDPIofeFtGbTrbVYQXwEd%2Fp6ya%2FglpvRv38%2BU558cuojm1UBCoaaQsIZmoOo3encNkywHa%2FZ%2BhzpGOmW5rgiLdD87DNRz7Ef0GFUaGMyof3xQzl6EpJ%2FD3PoTGe3R6uX%2F4UtlGBaKBGiYxuuwo3x8pegdFUiLDGhd%2BYPkdNGBAWoTJq0u2e7QsPZrT%2BRS9z9uMgc4TzmqWmkWHbSVGNWLYdoPMKCQZUEDPtozM%2F%2FqDXRvJnBwr2mX%2BpGMB9W8QAo78%2Bc5LpJQphAAW9CdQSzfxLiK9YOQyh4Q
2024-11-29,优衣库创始人言论争议,19.0万,/l?e=44e8L1%2FTlJN7PIuYd4mo47pgg7GTsDQF7DOhHgf6uTkqbHWikW8tWW%2B4t3MmNbNf385mJPUqv8of4rg7pz7nC8j9ZMAZpnz%2FZUZxfWdzH3R86ZSHS3ErjhS3qrx3Yq%2FaK33bFkvVXYEpeUoP9nN2neo8CBOO%2BnXMN%2F8dQpfbC0SRFnOTmqfLTfUQyCEMPR1bXdYDqAxv9Azcb67lFRq4rfHM4eN4xu7XJmj2o8fQYLXEJlKQVHa68GibWOK9ourzNS741RU%2FcJntZ65XSEbL6KRuVGDrmE7FlhT038z%2BKIDTdowMuXcTVx3VOISQdcM55F8gADKgQlKI
2024-11-29,丁禹兮看人深情是因为六百度近视,综艺 132684,/l?e=3045X2x%2FmOgsosXB3lFPfyVgLRISGDXDUj61dbYzQcT742vMIA6B4nb%2FLw39vP6qXLg6saq9X9l%2Fg%2Bz%2BQzlq7eSMiEawHHOq5nD92DZfUfnLT5yFL8QkSv89g%2Bg0N52xecRz6yaYwLEaL7vGXfPXHFQrpQaX6jrrQaqchpFkgUABmkKQOO6j7KlAOvRC9FoDcdTBbqU2i4AlomF4AgGbr%2BcrjULu83%2BAZZDfyuDg0FxwXYzhl7wyZTc%2FnolcJjiZ2bA6nkgPhLyl99XLomn3NDPZ413O0NG2ceZPG%2FLxdp3y8CJX0%2B7rj6SZmbubhGNEpcsDLTj114aj%2BeX8g287A6UNn1tL9GAZD%2FFW7W6AWoI%2FxNH5kyPJZkz7qaNuI0vm2LDpiyCZyfJ6BIRbqKPNopp2%2F%2BW3kKGtqvyPuyEtUH4MhAYs
2024-11-29,奥斯卡宁荣荣 新还珠格格,剧集 123615,/l?e=4550qAxGBj3jmZ63EM2Eg3V%2B%2Fc6Go7juDqWFfrlwOklDP5CNw2NwFufCshpb1evCnc0HuM1guKCKHGKQfFQQiImYtKzi%2BW7c4BxF8ncejfrQl%2FQEkMNNSAfBfK5sWuw%2FcU1UwpUv2EV%2BGYs98PDi8aiakWPGaP1mpi2Rs%2FqzxbzLpYiFOzOQyGjs9RnOokAda3rld4XaovdVS24QAl6l8Ep8Gy0XGiD1JrrqYr2N5afmKjlzqpuSaZ5XYCB304YRL2L2W6m0nXpG%2BjHRYUfAE5Qy%2BjLZlZ3dAgYBstlUHTf%2FwnQOp%2BgWvHMu3Q8zQGps9%2BfI%2BA6AxLib6tkiFqNW%2BQKvnjuUx5X3V7Ta
2024-11-29,丁禹兮 包治百病,15.1万,/l?e=c5e9SWMGzivYxCpw9zuBFLKKm3XEdpZz3hyL%2B6zUdJ668a6J8YqGrzlSzF%2BEIUMKCg3UF0vs5yQKBl2fGjoLYfpGf62WPU7UMjQ69pnYwYe3qDEPb0EqKr43MrBBHjD7ZWdHNy9Cx9ch1d6vpdtuDGdYegH7KZ%2B3Nh0k%2FgB0Hb5eA%2BMUGrd9Hh8uPu6s4v%2Fkr330DFQyiiBpey78wl0QeZl9fXzQWx1EX1S4bX5x%2BWgj23DLO41%2FuDAigg0cTcgg95v5AF6TGSmBX%2FS%2FabmN
2024-11-29,孩童被未拴绳狗咬21天主人未现身,297.3万阅读 | @百姓关注,/l?e=f1675ylykChhsZ1kBDWtlQh6TwwIjmHMDT1ochowgoD2NEjA%2BM0x6GgS77DBXpOVPCblpOww%2FBQYC%2FmW27FCA5QeszzVYJrLh6dct2AZNfOMc23Y4keiJmehx6MDVxPEWYwOEnUYjMhQbz3ND9WMPE5w%2FY8xi6CeRQAhieEwV8sG3p2cxbNzb4LNxxEmiSw8jj8JSFhTo8NTicaxJrz6p5MA7A%2BjTjKwuO8QqHbRmkYgVZvYtYDv5HoA3OtOAPLwTK3QzrSiCtroWFc1KU1TPJFQU38GtRAxyV3Ugtp0r9Oxag1D0mxaZo%2FRieScnNPcyIM3hs4yX2bCsRKv6RZKoO1UpN2tx3V7g66W757IDeXzJie17zKlT3GxKVhW9Bt14ZZ9mdEAFPyeAeqHiIG4UaACsbFMBus
2024-11-29,MRC对战GW,13.3万,/l?e=9cfdFqcjooGv%2FxcTDicixT3ZlreKCS1rufiVJy0keTqmxt6PAZUYoOKMDBbROPPsDiV0YTLGOOn1DGNFR6kVT11nnSz4JvDyq1MhAZBStus8DWfY5pebqnqjNoZMeuWcm%2FLpA3NOhp0oJqqFZnBL5XvCAxdzIYmGK0CZ5Q0ExtcacxgcA24
2024-11-29,有毛利兰陪伴的夏天和秋天,18.0万,/l?e=53f1hyb%2F%2FAL97rX074KuLZx9Z2EYM6kKxSOWraKruD7Y%2FBDRg3rsz3tnkN3p91OMg1AE2QWyfHJWJc5eubt3WK3Djz6K2BLxyPEBRKzG%2FaylLB1Spjxb6HCURae690gGd2NNA07iV%2F0sWfU2nWehuZlHt84IYO3RTzWcrxKO6Q8pDa9Yd2wqvhQbxYlrkpyXzD0gDQr2brA3l4Q0AOoVUwrKRK%2FUhMMJzSbHbRvbQgxvs2gWtbJvce4Hy1U0R5mZWW7jgehiRBiPFt0mhRHnGaS%2FhjGJTZ3tyXAnPZ6lZ2aCFW8RfHoqWxtLuTLHlSLgarGokdWfua0rJz7zj%2FJ%2F0hcheidX%2BO9aCrJBjH3zEP9rI4rp44U5
2024-11-29,南宁一家长称15岁女儿孕期被砍伤,11.7万,/l?e=3c45ekOSKJyaEmb7mCYAAq0Poijn9MU4HqueZN4M5FZjZ8dFmwf1Wg72Q8KpMW2xAIRHTDosWNF3YBcFkBPuyboMSR8MdG9PZ6kotGaZQFJqlpkfVDsypE0sNGbmq4tXJpUBdMad1TTG55csI1BO03nHFc8eQj5ofdkaXQSo7Y9Om7Vjoouq6wvLWx7iPji7ZOYHQC2gd%2FH5sZVY9QHKcl5qbY8cJkZdJvuiJDjML%2BrKNZUNBovqR1YC4lXH%2F%2BGJGBhFusB5iDzFJGCWdEA3Uwoj9xGmxWt%2FxI%2Bf13FxL%2FlyUt8Fifau8i0HNxF31M6zT4knoKf0RV%2F86PwXL898uItdBdDNfafSF%2BiVRLihk6JNp0Nx0P2Kel7nchCQZ1tqOMUT94fko5FaU34d5UXZ9CcBK0uymn8
2024-11-29,杨子黄圣依 人设,综艺 110717,/l?e=ec3bw7bYLZi21qU3KvA99cY0cLUrWzwVnTOpxxmYuOCI%2FVJvovc%2FjwclQNFOei4bFF39PtWp%2FIQqYBG45PpxYSlonUrlLm9y2PI9g0%2BMIGZ%2Fr1Z4%2B%2B0PZRSUQrulikDX1dsHh6qAKLV2YEpJTbGcCmsP6sxqDhfxJWjwVXgOiqX%2BUQY5titpTPY73X%2FxoVq0eVfppKlcuvgoStHDBtK9VnY47O1EKfl0O%2BKAjmzYm1auXz8UXKIebMIWCs2BQyEuPK4D36G8Q%2B5EYn51LFuG
2024-11-29,张予曦 初生天使,剧集 127019,/l?e=7463leFKGz%2BdnLMuA7SItZQPC9geNFAJVGyZMMTOXgiO7eJQSh5Hs0jpyV0%2FY%2Fj85dvWj8qmrj38dnUIKzjhJ%2Bo0lm5zoAKtGyZ49wLiD%2FOTnEC2QdDb6r%2FJS1TBRzV4wlcC7T9Z1nqj0KOylKrv6S12TRtxiz0kfSEprscbFmrRWs%2BrHXylQRwEqBJCiV7k25KY6gcNSKswBeWotLWzv3Cf%2BNtXyBloUV9LOGZa%2BciLsXsQqQ%2FVslsgzC86fs1lmehHoMwQYB33iffg7jVG
2024-11-29,3人1分钟抢劫金店价值千万财物,15.1万,/l?e=47b0CypvjEc0aRbmX6E1zclqkFQGm6%2BjwbsaLoFxPpiG8Awox%2Fan7gQrYsj7aZpxkruXd%2B1aD2jMecx7ySQpcL%2BXiyDIB9LG15%2B%2F8m3rYrGRyPZbuPa7PRoQouHCjHt01%2F8iKE0OWREHcp0hM%2FnplCDeeHWq2nJfa86i%2FOOq3eRUTG7qOCyooT3MXNfrG%2FXSQjAqkxyTse42MQPrOQdC4SBoCZ%2F8ifFaJSu2SbJLKBbyypPM3P5s%2FKZNAMs0PfanRqI7RmFi7mdNqbS0OW5yrjzmRKXhTS2%2BSFUljTb513xL5Tr%2FKMG6QGUyVdFgK2%2FDSDlHkXbNy0aUWwLcZECk4reyUfKXSRpwYV3y6SphMkL5Yty2%2FFFrqjiTtxwYMfFJ%2BLUhcMZojHg
2024-11-29,派出所回应山东一金店被抢,721.0万阅读 | @大象新闻,/l?e=36924IjwSLJhvFuBlloDeT9%2B%2BGtTfPyyVI0pz0aOyQSDIo0uFxSY5ykvDxur%2FLcX5N5Gl1JwCLPf%2FYlna6hMqMGID2tONDyAa18h2iCcLvsjix8kNQen4JF035Aa7z3eUiNGlRNarwAudnGc62o7t4lBM3S6C9pa05RPIXZoRvXn2fkTPkLDJD%2FZom0N6%2BVkNGKb8T1%2BpmWVBYQ%2FMPQzdMbDI4AxvCslWBHu3k0qKjfa3pGSFe6mBRby62egLaskDk0lvWo6eeb%2FL3hhcgsjumEaVCDKG1rjP5YqhRGeGA7JqKHShxEpjAjJl9MrUsmjoHEZWNvFGbu%2F4kudxy%2F%2BbGsadBO2CLK1um0UpoLL3qGpQOwrNGGF
2024-11-29,珠海户籍居民可一周去一次澳门,1021.5万阅读 | @珠海特区报,/l?e=3ac54unLAlQG%2FtNYKbelOFlg2G5Bn4Ypkky2CaQJZ4rotsVg79WYnFl8h2KmeDlt%2BO0%2B8rt9POqf8xTb1LgAzY4XSCvoYbR7TqE6V0ivH3oBUId6v7nAGCQ3UTVse%2BDl16RT2GRVM8yE%2FoMna4Q8%2FV46529CSfTWv2LRPbByZLlprubk2sUy47xyQosT7uAx%2F%2Fop1eX9emcpU8erzcZnH2yobEwLb5Ot8yX7xYRnmrmLZM1NzmRPu23vpKtBwwheog%2FiIYWnXPtSAY2uGtWMaXChDSxO0GbY8cYbzSwFiech9QEZGNjI4olIBgmAKnPZ0RtCUsPJLS5Bx2SB0HPZs2piayaT0qtsqQnK5viUMEJXckRrNn7NEY6Rb%2FRmvu%2FC3IH7GLOUygFD3Qc5Da56cRoFV%2BTw
2024-11-29,蓝天救援队辟谣外卖小哥海上送外卖,,/l?e=3163OllzoOZq3Y2GbNtER2fBnr1vwebO%2BUTJdc26FuEJ4Ryvn5%2FC56jKhLB%2FVScpinhVOs3JLTqH8lQ6TdA2%2FCfOf5P5GHR%2FY9TV6WhS9PK6lsmLKGOKI%2BOMU4D%2BlL87p6NJt49LjoE33YjLfy8F3wcaSTJwqw1fshmRbVE331axXR1boO84cLOmFRRVyrdkjZh3%2BtEowiB4lAFwuVOVBBrpPOFICAkvq8Zn1%2BRObjAOVNHmY0v56JpCwP6jni6wxndF9tMy%2BvBce1lmCKH3KNAfx%2Fdsg1Nhnsgd3a2oz3iCKS257VK1dm2U59PhQ06W7Rnep6Kg6JK5R0S8BUN6QQ7YalYvxAZ21nBUCr0Um889v08v9FFKMPNanglGEFn%2Bl3OZy9v%2FnIyjg%2B0rC%2Bb%2BMeMuGTOHvMuMtA3uRUU5tcDfJ0RApJ43TnzOlnGNt4ckuRZm
2024-11-29,卫兰她整晚在写信,综艺 136195,/l?e=44f5qy9yPvAa8wTq0w5bPo8%2FiTijDM%2F93PnL%2F31i48%2BOqTFum75sKXqm1DratIXCQFyS8PT75rAH0ljwffsxryWPf%2FKHIk%2FMEQzdvW%2FzpNGWRWLF0VBzbTocnEcMIIesHx2IHOicnF%2Fz1BdBA6pKpnqui7lIrPLc6dV1F95GRuvljVrIAbkK1v9oC7H1W6hqOfWCF01WWOg9MXHSPkvNrSkNybFjK3agp2%2Brj1suWmz6%2BHXnDEmSS4HOzRUryBiGxrUtJWAWicUon2LvGw4qnKtlY3RWXjG55AsQ
2024-11-29,鹿晗好拽,37.6万,/l?e=cf60iBGXUygXW5wOQP7DGP10hsjRUHb5STDIDIaN%2FzhnSZ4ZJNTN7G28W7dbWeLnFp9XNsHAZgTgjtMMNrn5ijAw1Swr7umaSxPQ%2FHFpRy4d7C7DlgzMaNdSWqfHay%2FZj6wuAqYimrH8YRHvTHB%2F%2B%2FJygtAcMXP0Gj6BWB9Z%2BxiBRVOUu6%2FVtODtx9P4FNWp2AhPsnV2uxYuAqyRrFpE
2024-11-29,108是法考生的幸运数,16.0万,/l?e=f23f6Q5oRjTvywIXnrbJrkNVP7OjtYOFlkpaAL1A%2BdGMfObBaPufWKKWwQgayeT%2FLsp%2BuKBuUGzLlLtslmaTsmtAmGIwWQv7E7WBrwJ5X79vf4VmNk6OOizFVrKXV%2BemrUSs0GLlUdNgkO4zMsYIXwBZgtVkqymNHkYm4ku%2Fvei7FJlu6%2BXGksWJmyDfE0JK9TPonrdzfKhbPBiUg34EGJoTp9Q7%2B7Hw94vLiu9caKSBSuQZs1nZYu381IOv026zF7fgMGM9ADB8xpwJ%2FF8lJH418QL1e8f95fTKpTAp
2024-11-29,NewJeans解约发布会后首现身,16.5万,/l?e=bb26oGNZD7smwf3qlbvoVj41LY9M5p%2Fvh34bGFf4391cmI9FopLHWE%2FyJ3l1adChyIEtu1VOameg1hFGj4eNaF%2F4vWeJUYCdWinAORbhAwqSIVkAdtLvq9r4BZkOmOyFqbZaE%2BmrPcbVtRl1fc4YlpisANnZsiraXTnY5xpfJyTW0YfyZvnV1lB1WQ4whUB24y13jjLJXqkY1rbgFbB4E%2FphJ%2FaPxfWzSR2e4JgGrAPYkmCY40eOeb6pyydrUaIK0DDK02a%2B4R7JRcVpcR4J%2BsW2BbBMek4JjRYjIKKzMvrlgWu25n38%2Bu5Izj1j81h2qL4
2024-11-29,唐嫣COSMO文艺女主大片,16.5万,/l?e=e5a70x5GQD4p5jwYiqy2pZYJHVB%2BtjDXtIF%2BcQDH3087qZNeMw1oJqy%2Bpf%2BS5J7itcF0tw8B8nQhC25jR2yg35YMe9fuBRLfDcce7X8ULhF0cIA%2Fmnab9FPSBQHDb%2BX%2BgchYuYIUPgS%2FRosGFpXEahQf%2BUjvBa44yNdUNsAoc2p4gt1%2FjecWAWEZWxA4qQFNu3dri64Y4zKRYQ0Utp2fAF0r40eMLbaBAuvmSOKmkXVzLFIXyUp94mchZP9gXW1EOVZ3zcP1vsycunmHgVzK9T2mJ%2B2pxkSgyT4PBeEDbBo
2024-11-29,何洁时隔十年再唱rap,综艺 181138,/l?e=cd7eOXNWZf48GRDzy1kleEIdmc%2Flp3n5gaqPx3f65u67Zdta%2BPcuZfmbe9fGYYFRw0BAXBodls%2Frs6poD2g%2F9hE2Qub4kBjx8xDbQsGkjrSRSBnbVsAdk8%2BIcGH2frzR73n%2Fgsblzwfm2C8fCOW1TZQwGgrddYtYq7EsJ3gGVrI1rp0IUxHTfnw1Rt%2Fw0AhNSEat22nHG9K%2BC3d50Hi7oWsOH4jMJUggKgSIt2uuW0k0OPoeK1TDFzhW0tAepqpPSFKztyIwjSidTqEXD5Vuf7o2sKB4Rp%2B3fYT3lIy5
2024-11-29,古巨基cue宋亚轩,19.6万,/l?e=804780tnhbNkcKCwDyt4bPTLsnkC10K5E8FBzJVzduruZH9T%2BFgSWrfUQy8J9lDKqluMnbeIodWczlPRgwmYn7RjqaKBKfa8GIZayyF0SgHHrnrOY5sxTvlUKyjTTbQAuPSSegKjEdPOv7PIJXHClBAOTwH18qZSqp93ads4gPlLtGxQ9C4pEYXeTrNkR3GVqXV04ugM%2FBPLgNKIHc0%2FHnnYOmNIzG4OQz9e9M8%2BWK2PfCtQWFqKqJ%2BoFHXlM9mQ
2024-11-29,WBG官宣Crisp离队,12.6万,/l?e=73ec0BRCbMWUKWxu7dpXieATvFORzOtccggR71v6NylyvCHk%2FmwM6VTcqT%2B0hMlb1FVUszW5ZolaXdvTU1%2F2lhKlsK8KDN2DJSQk7cnY6ScCu8vfE2y8pdEvIP%2BxmpUd64pqXVClJblDEM0EiRJuLQU6ahMbTBoPpW9OdsHjQu%2BeKwjACqHfxkI7MAaygr20%2FzQZisw9fG6RMADePBmkdPt6KMopLDg
2024-11-29,11点05分是郑思维进国家队时间,14.3万,/l?e=a50bhUYEbMALjTrCVr%2Fs1qBegpVpZEYSPTCEcZKn9YSc2LuIFXbGagm4OFhzBl8orGEOqrBqM4xl345E90imiJYhYLgavqqOG5t6Ey2dOfhAWnK6NqpWtdgNtA6QQyPmIRbrLzDKFzqVWI59nn1xxpPU0BCYOtPC60dMRQwx6JJya%2F8CqeH%2Fc4jP6UZJ1O%2F%2BB9EXRlltDqmaqQ2pdDel8SJwI2sWNQ2sdCZrxepuBQi7zw2xixb1TWxenj0Dy1RO0%2FK11qGAyi3MyYJmObsxYwcF23ZpwFxNRedHSczZ6Z9Ig%2BaoRvxvy5u7ItKX8FSSUWR4hvooS8SMvhAmp6xp740al%2B%2FTcNsgFHk3zAA8OuANjNecPoG%2B3fQa%2FQ
2024-11-29,黄雅琼回应郑思维退出国际赛场,30.2万,/l?e=75a6tDwnx9s6dRy%2FuAT5b4xkXcfkcfL3E2qcDyTREqpghpazyeQLPOhErhR8eQJfSThwlmlFKn4j8RqKC1ESwxFEglCOKqJV7b22qVpjyhvBsHNJpvgWdKQqIs9W7kUq45UOk9FQwGibR11mh8XbKOb4axKw94001uIQw9mkRHnqSaFOiWTxMv4hQb56k7DVRy4YN2Q1qM7%2FU7c6pfaODT3WxiR%2FM8QzeghojuIlnrFqKpFAVVHXaosvtHSoCWOwgoJz1Dm4ryy49mZGxSppDUDGs9NcN65egQsI358gqUlIdAU4GFX5AyuSut0dktNgUX3u75UpbyHTUmqxvy1vawcfQnTVxPxo8g%2FXPvYeHxSbar4BNtIfAe6sI2NVuVckzFazcPiIwqYlhvgmLWwNl2GMGpCB
2024-11-29,中国奥委会祝郑思维一切顺利,15.6万,/l?e=f912K8cjygAj6HULLk3hsOT5IHwgY4KTQVv7RC6O33nhngbDfjZHcfUCDlZRIXytxM4xq5m%2Fvdx0IpBAo%2BlTTISek%2B3zgfuWk9TC%2BiUanPuYdppT9ksQKpJKKKRihT6%2FB6mvvAEdE6d7fp%2FLwtr07IxEdDr1GMhsdY05RW6NeglXlWcRoRqDy2FLdj%2FB%2BjCqZOcJTcETI45Fmuep2N48%2BQESeNWP8ijVAlc9Cpu0SFwLF%2FA7Fu%2B1RK3qzy1naL62MHEw5%2BWPg7jnHgfOK3Yq9KkL8Oq1HctaI18uiphbtUUNv3ZR1b8lqBWRjwKSlL7O6WET%2F09Im9iKblcP5qhCze9I65IS3WuYtpDrCR9WL10XZqzCEZnbzTvGfgDXAbZdrm3M98IE
2024-11-29,陈少熙预言家,11.1万,/l?e=d329aL5So4YwKMwHPfL4bFPHe6BFUPL%2Fpl7xqOcUCot%2Bjz9wVBIW8Rf8yJh7dTxuLjO1JJEG9uIyePmymvqIYxW28NkBS3ozw1FK29zojoXl5ZaZ8YSkkAczI%2FPTBUplhokF%2FarjqLMF0siTeudpReTP7gI8YLz2xSiBmpTqTfGDgIkPlYmOM2c1jjlVDXZvjOif%2BqVjltn9or0vtwktP7ph3IOSFSEOlhRNU2jlAE%2FOOfu%2BUvgWZrHMQ1SE
2024-11-29,羽绒行业人士谈生产内幕,1315.1万阅读 | @九派新闻,/l?e=b2c3VR5seSC%2F3RKnERzRXOLGxQEn57eokhuv56XHla4QSrHR71D8Hlbs%2FVC3f3sl9z1JsH0X848ULOwzqHjLTHFurix2Lrz2ChcciH%2BzsoCswNNykIj52UFayx0CVx1roE3310RG%2BrIpNBWo9mTH4msX8hd%2Fkx54iUJh3BmtQ5dWkQudE17JCxB0gAvbdpX6y%2BbHK70Qa0Q6GzWyIYuusvsSMMcZJHHwlCzupQ2w0pxMpBkKdMIkyQy4bD4lcuEb0tm%2BvqOXUo7aEIfKDhT8XKTCCQjhtjprNIAEWKVJf%2F%2BhtKh67C9eRjsQn5ZjpuuquiQO1KDDlWDddAZF%2B14r%2FTXZApYeP3tf
2024-11-29,官方通报学校食堂吃出青虫蜗牛,511.9万阅读 | @新京报,/l?e=858aVmBaQBGKgtpCBnHjf800%2BD1oXuN5UgTG87Koc2r6MhWcfqILvczHdhoFI4weIAqpZVnq9DaILF5dMyKyKekdV0QyMIdWSnsBOC1%2ByBjAyEFM%2Fpp331bOQZ5sOukUA9zgJkbK8VBtjkq5I9WLM%2BjvHvQPKTkB2DnDCCMVdRx7ehOQXzP7PXjYR1EDRpB3fV02q35e1gRI9UHzUYHsOzmaTm0QU8Upq08CU%2F7f2ok0MTfLczGQOMj4pZ6RD4cl9QmjHrAATa3579QT3sSfdUD9uENNzFMaDPaBWsLMI6wDTJM0032ccFvH%2BTKwYLqxVliurOS5QMbto72y85MkamLqRGuAr9XAITJJkUAttmdDxN5mNU%2FhodXK4B06CMi%2FlXkf54l%2BzlEJmtjnw5XEo7eUgEHT
2024-11-29,婚内婚外老婆情人饭局修罗场,剧集 116034,/l?e=4628tamxitYsHteobFYS%2F0FPnkpkmJEuWhnqaW0WW3qS9n1CHeMq9i869meeincPxPCaPQF%2BZLP8vJHKrmM4HPd%2BuvlLO%2Flfj6iIvtdZ3DYkV%2BdwxB%2BMeTN9s%2BmFjLvRuYbbIo0OGIm5wiMTRL13Dvz6WggdEsPO3cDg7h%2Fetlg0bi8JRQ0XAzkSbxcJBdwd9LSXe6yBYNunMb7aq%2BnmvGodd1zLTXILc05beqa4ZEoNLYakDkHY3lXf7ZKQxR2DcLB79UZrhP1gM3Sv%2F99abXSFYmFaI64LBSNwuMG4Zeyko6Np98pE2VTigI6JlHf06EkJ0P5lVCno2RMX06XAr3bUUK%2BYlzrIpg11D6gKcGwt4bnNnowq8us0dr8yru4LJeRylrc%2F
2024-11-29,Puff和Langx和解,22.8万,/l?e=1c66kBJ2TXNqS59%2B0ELOG7vvMYrZszjWBMM4R74LS7RLU7BX%2Fhxp%2BHGRV%2Fm%2FYugkFuqzAJrhUZXfzExnFSunZml6bpBihmd5ARhxhU0hr%2BtLje8oCNa7WRdwzv95aRD2tSlxvXDCGshhlgIptGC81JKwU6Ho0wQNhZZnprWSBRHegF1RdnbqcptwCkiX3SdyXbHoON9d2CSo
2024-11-29,国乒备战2024成都混团世界杯,12.8万,/l?e=865fzSP32Rbe45%2F04gRrKI%2FR3JbWlS%2FjRxz9fpwxAa6yNKC8aopEiQL371gjKcswr1f%2BIQFU18RA8vQZQ6Jlftoaa%2FCB8VpwrWU0cJQLVW%2BdTASDR%2FCQ6lQlg6fD6yhIu%2FyRTd4WJeUzvP8XgBv%2Bj6sfWhlnRgf%2Bdfjv2qY0TqEEpAjoXO0EhVDTtz3BqOX00Zbg39aeUuJCZj%2Fg0VUkxribVMVeDaaFQu0V5nXx2ycgCM3MvW2iatF2qCjC1y4dj8s491dVGlTVq8XAe9PerPm%2Ffr0fYlqlwJnJG9asJV34vb1fOnSojZ9xqBcNGsoO04HQOJajijkYV%2Bu2X%2BV3a6Y7rju3zqLdtFWnlw
2024-11-29,苏新皓我记得那天阳光很好,22.6万,/l?e=5593WToa%2FD71dwm5kXEam4fNsUrAY6%2FItpZITYnor0rvfUIqk7rjVIOZq5lliHuZZRgkhiJj3X2i4UrdvjStCGcL9boDz0bfFEJTjtzji6gtqMfe4lmKy8qTPEQ%2FY6%2F6am7mltByu35bPWeixEDWafvsE37UKkuTej96kO1mwMMiVE2N2szUbJ3ZuclJOOiA%2B1WBhImWDOpZ2vq9c1gmBI%2FambAFFDRn%2FRO0SUmtLctajBEjbGZ6NfPdk5KX5SSJ5I3vog6qwYv7rnVfQzr57%2B9aR5%2FshxaybYM5L0prA1NZFeut61JLpJ7MHe%2FVoZ8MPKpyy3RJFeqApApwIBg3cBTqyINNkRLr3GymX8ZJ4tKsAGwFRYtL
2024-11-29,金泰亨单曲空降,音乐 168164,/l?e=371a4RcwIsKpqgNkGdK%2F%2BPVXwgmjF4hoZvB04eljApbHb4H%2FtRMwp17ESUnTrJznnHamJaXLWwGud7x2H10aogpBC4HF%2BNM37l6iJHv7QMKu51loqfdWebP4kDlXJZNX9woNS5ZZHS0OqSJOILwcyC%2Fetf%2FBkwdixB%2BrjNhNQgFoYz33cT8xjVv5PkkfbSUN0Bf5ASu4HzCuRA1KPwh%2BnHdPNfJkvu%2FYDcgixe33dWO0sH2r9PtyCGS8GrDRKLGRc32SWTcWWf24svVe
2024-11-29,唐嫣粉发未来造型,16.1万,/l?e=4001L%2FSaTDHwYgvsuj085%2BekUw3Q7LZzr6Tx6HlmxwX%2FHAlE6nFLLUnoOAl%2FgwgutDxuPy0vgWA%2Bvzv%2Ff41yZES651Lwgj%2Bw1GRRdG07P4p0HV5Q2tMbGjyZ7a5smxjkPXHcTQEhR6MVx%2Fh3TBjuB7LdFH9fDNf9P9TIj%2BFJgkOXAMG3ySSWUkdT%2F%2B5s29ysvaeycSwjrTcWeVHfzgL6cnUBjnIZ1g5l%2BARiSWNzMOnUQdTk1NsVROqJLr2zHoCN3buTCxWSvZzLmg0490kWTnbA2zQIfu7UB%2Ba%2B
2024-11-29,冯绍峰接想想放学回家,20.8万,/l?e=7f87mR2K3A38nVmEAijaO84VPjgtNjmfSdfuKOaGu9BLhn7yc1BYLa2ePNy59jCN3N8i51E1n2UAsimJ%2FMPPi0BVC4gT40cltUbj8%2Faec1BMPbB%2FzgMceU4NcNY00%2BCj3zvxMSYXMU1gzWRUuxrOxGetq9JjNT%2F2rbNubTZCT03MIz2JNHBItxyb1Krnk3np5NRVFkxFS59jChTHL0PEIyJt7IDr2RGhqDaukg4s2FNCU4RHLbf8inp4oKfgZBI2ANgdygJiH9AY2OfSaVK2byBZQC16VS4KDPMVqs3099gL98y13cbuy6yrWq%2BarNT4bqXkfWfvOezh
2024-11-29,冲锋衣成顶流是靠什么征服年轻人,12.2万,/l?e=dd72anAL3gdwm8pIenBA5vhxS69Ez17UGZ1iQ%2B%2F0YI2WzlSmk%2F5rEr9b4KeSmh0PzFAss5EklSvj0zYtwGaoMVSAmcSDLyJ8xOSEwhjzmvtMdIfoDPx1TuyhldpPDmjxqIt3gjQzCwWv0l9qFwVGumTA1a8sW6GoUZoyd2lZHmgvhFQYLFgRjm6kQ8SfaaOCbmjxQdmPL2bDaZVYznDOP34khZz%2BeX%2B2yX%2Bt9nrbcL8U%2F%2FsLGDbpBvcY9RGz5XDROleE1xOgs4lRwoo9tCeQbRkClQCs0eiIEFw9K3iECXiisUep5DX%2BSg%2FZLCYzsjN%2BuhME9FwpL48WGdtCT9D1O4R%2BDuoRFXSreqKL7LTZDm5zVQoCZtc%2B9L7DT35GYInqR5odulphtTf2KAxPmqZeYAlQ8FMtl3YbmvaqI9FMvnmbeJae
